,1,2,3,4,5,6,7,8,9,10,11,12,13,14,15,16,17,18,19,20,21,22,23,24,25,26,27,28,29,30,31,32,33,34,35,36,37,38,39,40,41,42,43,44,45,46,47,48,49,50,51,52,53,54,55,56,57,58,59,60,61,62,63,64,65,66,67,68,69,70,71,72,73,74,75,76,77,78,79,80,81,82,83,84,85,86,87,88,89,90,91,92,93,94,95,96,97,98,99,100,101,102,103,104,105,106,107,108,109,110,111,112,113,114,115,116,117,118,119,120,121,122,123,124,125,126,127,128
1,空気,空気,空気,空気,空気,空気,空気,空気,空気,空気,空気,空気,空気,空気,空気,空気,空気,空気,空気,空気,空気,桃色のコンクリート,桃色のコンクリート,桃色のコンクリート,桃色の羊毛,空気,空気,空気,空気,空気,空気,空気,空気,空気,空気,空気,空気,空気,空気,空気,空気,空気,空気,空気,空気,空気,空気,空気,空気,空気,空気,空気,空気,空気,空気,空気,空気,空気,空気,空気,空気,空気,空気,空気,空気,空気,空気,空気,空気,空気,空気,空気,空気,空気,空気,空気,空気,空気,空気,空気,空気,空気,空気,空気,空気,空気,空気,空気,空気,空気,空気,空気,空気,空気,空気,空気,空気,空気,空気,空気,空気,空気,空気,空気,空気,空気,空気,空気,空気,空気,空気,空気,空気,空気,空気,空気,空気,空気,空気,空気,空気,空気,空気,空気,空気,空気,空気,空気
2,空気,空気,空気,空気,空気,空気,空気,空気,空気,空気,空気,桃色の羊毛,桃色のコンクリート,桃色のコンクリート,桃色のコンクリート,桃色のコンクリート,桃色のコンクリート,桃色の羊毛,空気,空気,空気,桃色のコンクリート,桃色のコンクリート,桃色のコンクリート,桃色のコンクリート,桃色のコンクリート,桃色のコンクリート,桃色のコンクリート,桃色のコンクリート,空気,空気,空気,空気,空気,空気,空気,空気,空気,空気,空気,空気,空気,空気,空気,空気,空気,空気,空気,空気,空気,空気,空気,空気,空気,空気,空気,空気,空気,空気,空気,空気,空気,空気,空気,空気,空気,空気,空気,空気,空気,空気,空気,空気,空気,空気,空気,空気,空気,空気,空気,空気,空気,空気,空気,空気,空気,空気,空気,空気,空気,空気,空気,空気,空気,空気,空気,空気,空気,空気,空気,空気,空気,空気,空気,空気,空気,空気,空気,空気,空気,空気,空気,空気,空気,空気,空気,空気,空気,空気,空気,空気,空気,空気,空気,空気,空気,空気,空気
3,空気,空気,空気,空気,空気,空気,空気,空気,桃色のコンクリート,桃色のコンクリート,桃色のコンクリート,桃色のコンクリート,桃色のコンクリート,桃色のコンクリート,桃色のコンクリート,桃色のコンクリート,桃色のコンクリート,桃色のコンクリート,空気,空気,空気,桃色のコンクリート,桃色のコンクリート,桃色のコンクリート,桃色のコンクリート,桃色のコンクリート,桃色のコンクリート,桃色のコンクリート,桃色のコンクリート,空気,空気,桃色のコンクリート,桃色のコンクリート,桃色の羊毛,空気,空気,空気,空気,空気,空気,空気,空気,空気,空気,空気,空気,空気,空気,空気,空気,空気,空気,空気,空気,空気,空気,空気,空気,空気,空気,空気,空気,空気,空気,空気,空気,空気,空気,空気,空気,空気,空気,空気,空気,空気,空気,空気,空気,空気,空気,空気,空気,空気,空気,空気,空気,空気,空気,空気,空気,空気,空気,空気,空気,空気,空気,空気,空気,空気,空気,空気,空気,空気,空気,空気,空気,空気,空気,空気,空気,空気,空気,空気,空気,空気,空気,空気,空気,空気,空気,空気,空気,空気,空気,空気,空気,空気,空気
4,空気,空気,空気,空気,空気,空気,空気,桃色のコンクリート,桃色のコンクリート,桃色のコンクリート,桃色のコンクリート,桃色のコンクリート,桃色のコンクリート,桃色のコンクリート,桃色のコンクリート,桃色のコンクリート,桃色のコンクリート,桃色のコンクリート,空気,空気,空気,桃色のコンクリート,桃色のコンクリート,桃色のコンクリート,桃色のコンクリート,桃色のコンクリート,桃色のコンクリート,桃色のコンクリート,桃色のコンクリート,空気,空気,桃色のコンクリート,桃色のコンクリート,桃色のコンクリート,桃色のコンクリート,桃色のコンクリート,白色のテラコッタ,空気,空気,空気,空気,空気,空気,空気,空気,空気,空気,空気,空気,空気,空気,空気,空気,空気,空気,空気,空気,空気,空気,空気,空気,空気,空気,空気,空気,空気,空気,空気,空気,空気,空気,空気,空気,空気,空気,空気,空気,空気,空気,空気,空気,空気,空気,空気,空気,空気,空気,空気,空気,空気,空気,空気,空気,空気,空気,空気,空気,空気,空気,空気,空気,空気,空気,空気,空気,空気,空気,空気,空気,空気,空気,空気,空気,空気,空気,空気,空気,空気,空気,空気,空気,空気,空気,空気,空気,空気,空気,空気
5,空気,空気,空気,空気,空気,空気,空気,桃色のコンクリート,桃色のコンクリート,桃色のコンクリート,桃色のコンクリート,桃色のコンクリート,桃色のコンクリート,桃色のコンクリート,桃色のコンクリート,桃色のコンクリート,桃色のコンクリート,桃色のコンクリート,桃色のコンクリート,空気,桃色の羊毛,桃色のコンクリート,桃色のコンクリート,桃色のコンクリート,桃色のコンクリート,桃色のコンクリート,桃色のコンクリート,桃色のコンクリート,桃色のコンクリート,桃色のコンクリート,空気,桃色のコンクリート,桃色のコンクリート,桃色のコンクリート,桃色のコンクリート,桃色のコンクリート,桃色のコンクリート,桃色のコンクリート,桃色のコンクリート,空気,空気,空気,空気,空気,空気,空気,空気,空気,空気,空気,空気,空気,空気,空気,空気,空気,空気,空気,空気,空気,空気,空気,空気,空気,空気,空気,空気,空気,空気,空気,空気,空気,空気,空気,空気,空気,空気,空気,空気,空気,空気,空気,空気,空気,空気,空気,空気,空気,空気,空気,空気,空気,空気,空気,空気,空気,空気,空気,空気,空気,空気,空気,空気,空気,空気,空気,空気,空気,空気,空気,空気,空気,空気,空気,空気,空気,空気,空気,空気,空気,空気,空気,空気,空気,空気,空気,空気,空気
6,空気,空気,空気,空気,空気,空気,桃色のコンクリート,桃色のコンクリート,桃色のコンクリート,桃色のコンクリート,桃色のコンクリート,桃色のコンクリート,桃色のコンクリート,桃色のコンクリート,桃色のコンクリート,桃色のコンクリート,桃色のコンクリート,桃色のコンクリート,桃色のコンクリート,空気,桃色のコンクリート,桃色のコンクリート,桃色のコンクリート,桃色のコンクリート,桃色のコンクリート,桃色のコンクリート,桃色のコンクリート,桃色のコンクリート,桃色のコンクリート,桃色のコンクリート,空気,桃色のコンクリート,桃色のコンクリート,桃色のコンクリート,桃色のコンクリート,桃色のコンクリート,桃色のコンクリート,桃色のコンクリート,桃色のコンクリート,桃色のコンクリート,桃色のコンクリート,桃色のコンクリート,空気,空気,空気,空気,空気,空気,空気,空気,空気,空気,空気,空気,空気,空気,空気,空気,空気,空気,空気,空気,空気,空気,空気,空気,空気,空気,空気,空気,空気,空気,空気,空気,空気,空気,空気,空気,空気,空気,空気,空気,空気,空気,空気,空気,空気,空気,空気,空気,空気,空気,空気,空気,空気,空気,空気,空気,空気,空気,空気,空気,空気,空気,空気,空気,空気,空気,空気,空気,空気,空気,空気,空気,空気,空気,空気,空気,空気,空気,空気,空気,空気,空気,空気,空気,空気,空気
7,空気,空気,空気,空気,空気,空気,桃色のコンクリート,桃色のコンクリート,桃色のコンクリート,桃色のコンクリート,桃色のコンクリート,空気,空気,桃色のコンクリート,桃色のコンクリート,桃色のコンクリート,桃色のコンクリート,桃色のコンクリート,桃色のコンクリート,空気,桃色のコンクリート,桃色のコンクリート,桃色のコンクリート,桃色のコンクリート,桃色のコンクリート,桃色のコンクリート,桃色のコンクリート,桃色のコンクリート,桃色のコンクリート,桃色のコンクリート,空気,桃色のコンクリート,桃色のコンクリート,桃色のコンクリート,桃色のコンクリート,桃色のコンクリート,桃色のコンクリート,桃色のコンクリート,桃色のコンクリート,桃色のコンクリート,桃色のコンクリート,桃色のコンクリート,桃色のコンクリート,桃色のコンクリート,空気,空気,空気,空気,空気,空気,空気,空気,空気,空気,空気,空気,空気,空気,空気,空気,空気,空気,空気,空気,空気,空気,空気,空気,空気,空気,空気,空気,空気,空気,空気,空気,空気,空気,空気,空気,空気,空気,空気,空気,空気,空気,空気,空気,空気,空気,空気,空気,空気,空気,空気,空気,空気,空気,空気,空気,空気,空気,空気,空気,空気,空気,空気,空気,空気,空気,空気,空気,空気,空気,空気,空気,空気,空気,空気,空気,空気,空気,空気,空気,空気,空気,空気,空気
8,空気,空気,空気,空気,空気,空気,桃色のコンクリート,桃色のコンクリート,桃色のコンクリート,桃色のコンクリート,桃色の羊毛,空気,空気,桃色のコンクリート,桃色のコンクリート,桃色のコンクリート,桃色のコンクリート,桃色のコンクリート,桃色のコンクリート,空気,桃色のコンクリート,桃色のコンクリート,桃色のコンクリート,桃色のコンクリート,桃色のコンクリート,桃色のコンクリート,桃色のコンクリート,桃色のコンクリート,桃色のコンクリート,桃色のコンクリート,空気,桃色のコンクリート,桃色のコンクリート,桃色のコンクリート,桃色のコンクリート,桃色のコンクリート,桃色のコンクリート,桃色のコンクリート,桃色のコンクリート,桃色のコンクリート,桃色のコンクリート,桃色のコンクリート,桃色のコンクリート,桃色のコンクリート,空気,桃色のコンクリート,桃色のコンクリート,桃色の羊毛,空気,空気,空気,空気,空気,空気,空気,空気,空気,空気,空気,空気,空気,空気,空気,空気,空気,空気,空気,空気,空気,空気,空気,空気,空気,空気,空気,空気,空気,空気,空気,空気,空気,空気,空気,空気,空気,空気,空気,空気,空気,空気,空気,空気,空気,空気,空気,空気,空気,空気,空気,空気,空気,空気,空気,空気,空気,空気,空気,空気,空気,空気,空気,空気,空気,空気,空気,空気,空気,空気,空気,空気,空気,空気,空気,空気,空気,空気,空気,空気
9,空気,空気,空気,空気,空気,桃色のコンクリート,桃色のコンクリート,桃色のコンクリート,桃色のコンクリート,桃色のコンクリート,空気,空気,空気,桃色の羊毛,桃色の羊毛,桃色の羊毛,桃色の羊毛,桃色の羊毛,桃色の羊毛,空気,桃色のコンクリート,桃色のコンクリート,桃色のコンクリート,桃色のコンクリート,桃色のコンクリート,桃色のコンクリート,桃色のコンクリート,桃色のコンクリート,桃色のコンクリート,桃色のコンクリート,空気,桃色のコンクリート,桃色のコンクリート,桃色のコンクリート,桃色のコンクリート,桃色のコンクリート,桃色のコンクリート,桃色のコンクリート,桃色のコンクリート,桃色のコンクリート,桃色のコンクリート,桃色のコンクリート,桃色のコンクリート,桃色のコンクリート,空気,桃色のコンクリート,桃色のコンクリート,桃色のコンクリート,桃色のコンクリート,桃色のコンクリート,桃色のコンクリート,空気,空気,空気,空気,空気,空気,空気,空気,空気,空気,空気,空気,空気,空気,空気,空気,空気,空気,空気,空気,空気,空気,空気,空気,空気,空気,空気,空気,空気,空気,空気,空気,空気,空気,空気,空気,空気,空気,空気,空気,空気,空気,空気,空気,空気,空気,空気,空気,空気,空気,空気,空気,空気,空気,空気,空気,空気,空気,空気,空気,空気,空気,空気,空気,空気,空気,空気,空気,空気,空気,空気,空気,空気,空気,空気,空気,空気
10,空気,空気,空気,空気,空気,桃色のコンクリート,桃色のコンクリート,桃色のコンクリート,桃色のコンクリート,桃色のコンクリート,空気,空気,空気,空気,空気,空気,空気,空気,空気,空気,桃色のコンクリート,桃色のコンクリート,桃色のコンクリート,桃色のコンクリート,桃色のコンクリート,桃色のコンクリート,桃色のコンクリート,桃色のコンクリート,桃色のコンクリート,桃色のコンクリート,空気,桃色のコンクリート,桃色のコンクリート,桃色のコンクリート,桃色のコンクリート,桃色のコンクリート,桃色のコンクリート,桃色のコンクリート,桃色のコンクリート,桃色のコンクリート,桃色のコンクリート,桃色のコンクリート,桃色のコンクリート,桃色のコンクリート,空気,桃色のコンクリート,桃色のコンクリート,桃色のコンクリート,桃色のコンクリート,桃色のコンクリート,桃色のコンクリート,空気,空気,桃色の羊毛,空気,空気,空気,空気,空気,空気,空気,空気,空気,空気,空気,空気,空気,空気,空気,空気,空気,空気,空気,空気,空気,空気,空気,空気,空気,空気,空気,空気,空気,空気,空気,空気,空気,空気,空気,空気,空気,空気,空気,空気,空気,空気,空気,空気,空気,空気,空気,空気,空気,空気,空気,空気,空気,空気,空気,空気,空気,空気,空気,空気,空気,空気,空気,空気,空気,空気,空気,空気,空気,空気,空気,空気,空気,空気
11,空気,空気,空気,空気,桃色のコンクリート,桃色のコンクリート,桃色のコンクリート,桃色のコンクリート,桃色のコンクリート,桃色のコンクリート,空気,空気,空気,空気,空気,空気,空気,空気,空気,空気,桃色のコンクリート,桃色のコンクリート,桃色のコンクリート,桃色のコンクリート,桃色のコンクリート,桃色のコンクリート,桃色のコンクリート,桃色のコンクリート,桃色のコンクリート,桃色のコンクリート,空気,桃色のコンクリート,桃色のコンクリート,桃色のコンクリート,桃色のコンクリート,桃色のコンクリート,桃色のコンクリート,桃色のコンクリート,桃色のコンクリート,桃色のコンクリート,桃色のコンクリート,桃色のコンクリート,桃色のコンクリート,桃色のコンクリート,空気,桃色のコンクリート,桃色のコンクリート,桃色のコンクリート,桃色のコンクリート,桃色のコンクリート,桃色のコンクリート,空気,空気,桃色の羊毛,桃色のコンクリート,桃色のコンクリート,桃色のコンクリート,空気,空気,空気,空気,空気,空気,空気,空気,空気,空気,空気,空気,空気,空気,空気,空気,空気,空気,空気,空気,空気,空気,空気,空気,空気,空気,空気,空気,空気,空気,空気,空気,空気,空気,空気,空気,空気,空気,空気,空気,空気,空気,空気,空気,空気,空気,空気,空気,空気,空気,空気,空気,空気,空気,空気,空気,空気,空気,空気,空気,空気,空気,空気,空気,空気,空気,空気,空気,空気,空気,空気
12,空気,空気,空気,空気,桃色のコンクリート,桃色のコンクリート,桃色のコンクリート,桃色のコンクリート,桃色のコンクリート,桃色のコンクリート,桃色の羊毛,空気,空気,空気,空気,空気,空気,空気,空気,桃色の羊毛,桃色のコンクリート,桃色のコンクリート,桃色のコンクリート,桃色のコンクリート,桃色のコンクリート,桃色のコンクリート,桃色のコンクリート,桃色のコンクリート,桃色のコンクリート,桃色のコンクリート,桃色の羊毛,桃色のコンクリート,桃色のコンクリート,桃色のコンクリート,桃色のコンクリート,桃色のコンクリート,桃色のコンクリート,桃色のコンクリート,桃色のコンクリート,桃色のコンクリート,桃色のコンクリート,桃色のコンクリート,桃色のコンクリート,桃色のコンクリート,空気,桃色のコンクリート,桃色のコンクリート,桃色のコンクリート,桃色のコンクリート,桃色のコンクリート,桃色のコンクリート,空気,空気,桃色の羊毛,桃色のコンクリート,桃色のコンクリート,桃色のコンクリート,桃色のコンクリート,桃色のコンクリート,桃色のコンクリート,空気,空気,空気,空気,空気,空気,空気,空気,空気,空気,空気,空気,空気,空気,空気,空気,空気,空気,空気,空気,空気,空気,空気,空気,空気,空気,空気,空気,空気,空気,空気,空気,空気,空気,空気,空気,空気,空気,空気,空気,空気,空気,空気,空気,空気,空気,空気,空気,空気,空気,空気,空気,空気,空気,空気,空気,空気,空気,空気,空気,空気,空気,空気,空気,空気,空気,空気,空気
13,空気,空気,空気,桃色のコンクリート,桃色のコンクリート,桃色のコンクリート,桃色のコンクリート,桃色のコンクリート,桃色のコンクリート,桃色のコンクリート,桃色のコンクリート,空気,空気,桃色のコンクリート,桃色のコンクリート,桃色のコンクリート,桃色のコンクリート,桃色のコンクリート,桃色のコンクリート,桃色のコンクリート,桃色のコンクリート,桃色のコンクリート,桃色のコンクリート,桃色のコンクリート,桃色のコンクリート,桃色のコンクリート,桃色のコンクリート,桃色のコンクリート,桃色のコンクリート,桃色のコンクリート,桃色のコンクリート,空気,空気,空気,桃色の羊毛,桃色のコンクリート,桃色のコンクリート,桃色のコンクリート,桃色のコンクリート,桃色のコンクリート,桃色のコンクリート,桃色のコンクリート,空気,空気,空気,桃色のコンクリート,桃色のコンクリート,桃色のコンクリート,桃色のコンクリート,桃色のコンクリート,桃色のコンクリート,空気,空気,桃色の羊毛,桃色のコンクリート,桃色のコンクリート,桃色のコンクリート,桃色のコンクリート,桃色のコンクリート,桃色のコンクリート,空気,桃色のコンクリート,桃色のコンクリート,桃色のコンクリート,空気,空気,空気,空気,空気,空気,空気,空気,空気,空気,空気,空気,空気,空気,空気,空気,空気,空気,空気,空気,空気,空気,空気,空気,空気,空気,空気,空気,空気,空気,空気,空気,空気,空気,空気,空気,空気,空気,空気,空気,空気,空気,空気,空気,空気,空気,空気,空気,空気,空気,空気,空気,空気,空気,空気,空気,空気,空気,空気,空気,空気,空気,空気,空気
14,空気,空気,空気,桃色のコンクリート,桃色のコンクリート,桃色のコンクリート,桃色のコンクリート,桃色のコンクリート,桃色のコンクリート,桃色のコンクリート,桃色のコンクリート,空気,空気,桃色のコンクリート,桃色のコンクリート,桃色のコンクリート,桃色のコンクリート,桃色のコンクリート,桃色のコンクリート,桃色のコンクリート,桃色のコンクリート,桃色のコンクリート,桃色のコンクリート,桃色のコンクリート,桃色のコンクリート,桃色のコンクリート,桃色のコンクリート,桃色のコンクリート,桃色のコンクリート,桃色のコンクリート,桃色のコンクリート,空気,空気,空気,桃色の羊毛,桃色のコンクリート,桃色のコンクリート,桃色のコンクリート,桃色のコンクリート,桃色のコンクリート,桃色のコンクリート,桃色のコンクリート,空気,空気,空気,桃色のコンクリート,桃色のコンクリート,桃色のコンクリート,桃色のコンクリート,桃色のコンクリート,桃色のコンクリート,空気,空気,桃色の羊毛,桃色のコンクリート,桃色のコンクリート,桃色のコンクリート,桃色のコンクリート,桃色のコンクリート,桃色のコンクリート,空気,桃色のコンクリート,桃色のコンクリート,桃色のコンクリート,桃色のコンクリート,桃色のコンクリート,桃色のコンクリート,空気,空気,空気,空気,空気,空気,空気,空気,空気,空気,空気,空気,空気,空気,空気,空気,空気,空気,空気,空気,空気,空気,空気,空気,空気,空気,空気,空気,空気,空気,空気,空気,空気,空気,空気,空気,空気,空気,空気,空気,空気,空気,空気,空気,空気,空気,空気,空気,空気,空気,空気,空気,空気,空気,空気,空気,空気,空気,空気,空気,空気
15,空気,空気,桃色の羊毛,桃色のコンクリート,桃色のコンクリート,桃色のコンクリート,桃色のコンクリート,桃色のコンクリート,桃色のコンクリート,桃色のコンクリート,桃色のコンクリート,桃色の羊毛,桃色のコンクリート,桃色のコンクリート,桃色のコンクリート,桃色のコンクリート,桃色のコンクリート,桃色のコンクリート,桃色のコンクリート,桃色のコンクリート,桃色のコンクリート,桃色のコンクリート,桃色のコンクリート,桃色のコンクリート,桃色のコンクリート,桃色のコンクリート,桃色のコンクリート,桃色のコンクリート,桃色のコンクリート,桃色のコンクリート,桃色のコンクリート,空気,空気,空気,桃色の羊毛,桃色のコンクリート,桃色のコンクリート,桃色のコンクリート,桃色のコンクリート,桃色のコンクリート,桃色のコンクリート,桃色のコンクリート,空気,空気,空気,桃色のコンクリート,桃色のコンクリート,桃色のコンクリート,桃色のコンクリート,桃色のコンクリート,桃色のコンクリート,空気,空気,桃色の羊毛,桃色のコンクリート,桃色のコンクリート,桃色のコンクリート,桃色のコンクリート,桃色のコンクリート,桃色のコンクリート,空気,桃色のコンクリート,桃色のコンクリート,桃色のコンクリート,桃色のコンクリート,桃色のコンクリート,桃色のコンクリート,桃色のコンクリート,桃色のコンクリート,桃色のコンクリート,桃色の羊毛,空気,空気,空気,空気,空気,空気,空気,空気,空気,空気,空気,空気,空気,空気,空気,空気,空気,空気,空気,空気,空気,空気,空気,空気,空気,空気,空気,空気,空気,空気,空気,空気,空気,空気,空気,空気,空気,空気,空気,空気,空気,空気,空気,空気,空気,空気,空気,空気,空気,空気,空気,空気,空気,空気,空気,空気,空気
16,空気,空気,桃色のコンクリート,桃色のコンクリート,桃色のコンクリート,桃色のコンクリート,桃色の羊毛,桃色の羊毛,桃色のコンクリート,桃色のコンクリート,桃色のコンクリート,桃色のコンクリート,桃色のコンクリート,桃色のコンクリート,桃色のコンクリート,桃色のコンクリート,桃色のコンクリート,桃色のコンクリート,桃色のコンクリート,桃色のコンクリート,桃色のコンクリート,桃色のコンクリート,桃色のコンクリート,桃色のコンクリート,桃色のコンクリート,桃色のコンクリート,桃色のコンクリート,桃色のコンクリート,桃色のコンクリート,桃色のコンクリート,桃色のコンクリート,空気,空気,空気,桃色の羊毛,桃色のコンクリート,桃色のコンクリート,桃色のコンクリート,桃色のコンクリート,桃色のコンクリート,桃色のコンクリート,桃色のコンクリート,空気,空気,空気,桃色のコンクリート,桃色のコンクリート,桃色のコンクリート,桃色のコンクリート,桃色のコンクリート,桃色のコンクリート,空気,空気,桃色の羊毛,桃色のコンクリート,桃色のコンクリート,桃色のコンクリート,桃色のコンクリート,桃色のコンクリート,桃色のコンクリート,空気,桃色のコンクリート,桃色のコンクリート,桃色のコンクリート,桃色のコンクリート,桃色のコンクリート,桃色のコンクリート,桃色のコンクリート,桃色のコンクリート,桃色のコンクリート,桃色のコンクリート,桃色のコンクリート,桃色のコンクリート,桃色の羊毛,空気,空気,空気,空気,空気,空気,空気,空気,空気,空気,空気,空気,空気,空気,空気,空気,空気,空気,空気,空気,空気,空気,空気,空気,空気,空気,空気,空気,空気,空気,空気,空気,空気,空気,空気,空気,空気,空気,空気,空気,空気,空気,空気,空気,空気,空気,空気,空気,空気,空気,空気,空気,空気,空気
17,空気,空気,桃色のコンクリート,桃色のコンクリート,空気,空気,空気,空気,空気,空気,桃色のコンクリート,桃色のコンクリート,桃色のコンクリート,桃色のコンクリート,桃色のコンクリート,桃色のコンクリート,桃色のコンクリート,桃色のコンクリート,桃色のコンクリート,桃色のコンクリート,桃色のコンクリート,桃色のコンクリート,桃色のコンクリート,桃色のコンクリート,桃色のコンクリート,桃色の羊毛,桃色のコンクリート,桃色のコンクリート,桃色のコンクリート,桃色のコンクリート,桃色のコンクリート,空気,空気,空気,桃色の羊毛,桃色のコンクリート,桃色のコンクリート,桃色のコンクリート,桃色のコンクリート,桃色のコンクリート,桃色のコンクリート,桃色のコンクリート,空気,空気,空気,桃色のコンクリート,桃色のコンクリート,桃色のコンクリート,桃色のコンクリート,桃色のコンクリート,桃色のコンクリート,桃色のコンクリート,桃色のコンクリート,桃色のコンクリート,桃色のコンクリート,桃色のコンクリート,桃色のコンクリート,桃色のコンクリート,桃色のコンクリート,桃色のコンクリート,空気,桃色のコンクリート,桃色のコンクリート,桃色のコンクリート,桃色のコンクリート,桃色のコンクリート,桃色のコンクリート,桃色のコンクリート,桃色のコンクリート,桃色のコンクリート,桃色のコンクリート,桃色のコンクリート,桃色のコンクリート,桃色の羊毛,桃色のコンクリート,桃色のコンクリート,桃色のコンクリート,桃色のコンクリート,桃色の羊毛,空気,空気,空気,空気,空気,空気,空気,空気,空気,空気,空気,空気,空気,空気,空気,空気,空気,空気,空気,空気,空気,空気,空気,空気,空気,空気,空気,空気,空気,空気,空気,空気,空気,空気,空気,空気,空気,空気,空気,空気,空気,空気,空気,空気,空気,空気,空気,空気,空気
18,空気,桃色の羊毛,桃色のコンクリート,空気,空気,空気,空気,空気,空気,空気,空気,桃色のコンクリート,桃色のコンクリート,桃色のコンクリート,桃色のコンクリート,桃色のコンクリート,桃色のコンクリート,桃色のコンクリート,桃色の羊毛,桃色のコンクリート,桃色のコンクリート,桃色のコンクリート,桃色のコンクリート,桃色のコンクリート,桃色のコンクリート,空気,桃色のコンクリート,桃色のコンクリート,桃色のコンクリート,桃色のコンクリート,桃色のコンクリート,桃色の羊毛,空気,空気,桃色の羊毛,桃色のコンクリート,桃色のコンクリート,桃色のコンクリート,桃色のコンクリート,桃色のコンクリート,桃色のコンクリート,桃色のコンクリート,空気,空気,空気,桃色のコンクリート,桃色のコンクリート,桃色のコンクリート,桃色のコンクリート,桃色のコンクリート,桃色のコンクリート,桃色のコンクリート,桃色のコンクリート,桃色のコンクリート,桃色のコンクリート,桃色のコンクリート,桃色のコンクリート,桃色のコンクリート,桃色のコンクリート,桃色のコンクリート,空気,桃色のコンクリート,桃色のコンクリート,桃色のコンクリート,桃色のコンクリート,桃色のコンクリート,桃色のコンクリート,桃色のコンクリート,桃色のコンクリート,桃色のコンクリート,桃色のコンクリート,桃色のコンクリート,桃色のコンクリート,桃色の羊毛,桃色のコンクリート,桃色のコンクリート,桃色のコンクリート,桃色のコンクリート,桃色のコンクリート,桃色のコンクリート,桃色のコンクリート,桃色のコンクリート,桃色の羊毛,空気,空気,空気,空気,空気,空気,空気,空気,空気,空気,空気,空気,空気,空気,空気,空気,空気,空気,空気,空気,空気,空気,空気,空気,空気,空気,空気,空気,空気,空気,空気,空気,空気,空気,空気,空気,空気,空気,空気,空気,空気,空気,空気,空気,空気
19,空気,桃色のコンクリート,空気,空気,空気,空気,空気,空気,空気,空気,空気,空気,桃色のコンクリート,桃色のコンクリート,桃色のコンクリート,桃色のコンクリート,桃色のコンクリート,桃色のコンクリート,空気,桃色のコンクリート,桃色のコンクリート,桃色のコンクリート,桃色のコンクリート,桃色のコンクリート,桃色のコンクリート,空気,桃色のコンクリート,桃色のコンクリート,桃色のコンクリート,桃色のコンクリート,桃色のコンクリート,桃色のコンクリート,空気,空気,桃色の羊毛,桃色のコンクリート,桃色のコンクリート,桃色のコンクリート,桃色のコンクリート,桃色のコンクリート,桃色のコンクリート,桃色のコンクリート,空気,空気,空気,桃色のコンクリート,桃色のコンクリート,桃色のコンクリート,桃色のコンクリート,桃色のコンクリート,桃色のコンクリート,桃色のコンクリート,桃色のコンクリート,桃色のコンクリート,桃色のコンクリート,桃色のコンクリート,桃色のコンクリート,桃色のコンクリート,桃色のコンクリート,桃色のコンクリート,空気,桃色のコンクリート,桃色のコンクリート,桃色のコンクリート,桃色のコンクリート,桃色のコンクリート,桃色のコンクリート,桃色のコンクリート,桃色のコンクリート,桃色のコンクリート,桃色のコンクリート,桃色のコンクリート,桃色のコンクリート,桃色の羊毛,桃色のコンクリート,桃色のコンクリート,桃色のコンクリート,桃色のコンクリート,桃色のコンクリート,桃色のコンクリート,桃色の羊毛,空気,桃色のコンクリート,桃色のコンクリート,桃色のコンクリート,桃色のコンクリート,桃色のコンクリート,桃色のコンクリート,空気,空気,空気,空気,空気,空気,空気,空気,空気,空気,空気,空気,空気,空気,空気,空気,空気,空気,空気,空気,空気,空気,空気,空気,空気,空気,空気,空気,空気,空気,空気,空気,空気,空気,空気,空気,空気,空気,空気,空気
20,空気,桃色のコンクリート,空気,空気,空気,空気,空気,空気,空気,空気,空気,空気,空気,桃色のコンクリート,桃色のコンクリート,桃色のコンクリート,桃色のコンクリート,桃色のコンクリート,桃色の羊毛,桃色のコンクリート,桃色のコンクリート,桃色のコンクリート,桃色のコンクリート,桃色のコンクリート,桃色の羊毛,空気,桃色のコンクリート,桃色のコンクリート,桃色のコンクリート,桃色のコンクリート,桃色のコンクリート,桃色のコンクリート,空気,空気,桃色の羊毛,桃色のコンクリート,桃色のコンクリート,桃色のコンクリート,桃色のコンクリート,桃色のコンクリート,桃色のコンクリート,桃色のコンクリート,空気,空気,空気,桃色のコンクリート,桃色のコンクリート,桃色のコンクリート,桃色のコンクリート,桃色のコンクリート,桃色のコンクリート,桃色のコンクリート,桃色のコンクリート,桃色のコンクリート,桃色のコンクリート,桃色のコンクリート,桃色のコンクリート,桃色のコンクリート,桃色のコンクリート,桃色のコンクリート,空気,桃色のコンクリート,桃色のコンクリート,桃色のコンクリート,桃色のコンクリート,桃色のコンクリート,桃色のコンクリート,空気,空気,空気,空気,空気,空気,空気,桃色のコンクリート,桃色のコンクリート,桃色のコンクリート,桃色のコンクリート,桃色のコンクリート,桃色のコンクリート,桃色の羊毛,空気,空気,桃色のコンクリート,桃色のコンクリート,桃色のコンクリート,桃色のコンクリート,桃色のコンクリート,桃色のコンクリート,空気,桃色のコンクリート,桃色のコンクリート,空気,空気,空気,空気,空気,空気,空気,空気,空気,空気,空気,空気,空気,空気,空気,空気,空気,空気,空気,空気,空気,空気,空気,空気,空気,空気,空気,空気,空気,空気,空気,空気,空気,空気,空気,空気
21,空気,空気,空気,空気,空気,空気,空気,空気,空気,空気,空気,空気,空気,空気,桃色のコンクリート,桃色のコンクリート,桃色のコンクリート,空気,桃色のコンクリート,桃色のコンクリート,桃色のコンクリート,桃色のコンクリート,桃色のコンクリート,桃色のコンクリート,桃色のコンクリート,桃色のコンクリート,桃色のコンクリート,桃色のコンクリート,桃色のコンクリート,桃色のコンクリート,桃色のコンクリート,桃色のコンクリート,空気,空気,桃色の羊毛,桃色のコンクリート,桃色のコンクリート,桃色のコンクリート,桃色のコンクリート,桃色のコンクリート,桃色のコンクリート,桃色のコンクリート,空気,空気,空気,桃色のコンクリート,桃色のコンクリート,桃色のコンクリート,桃色のコンクリート,桃色のコンクリート,桃色のコンクリート,桃色のコンクリート,桃色のコンクリート,桃色のコンクリート,桃色のコンクリート,桃色のコンクリート,桃色のコンクリート,桃色のコンクリート,桃色のコンクリート,桃色のコンクリート,空気,桃色のコンクリート,桃色のコンクリート,桃色のコンクリート,桃色のコンクリート,桃色のコンクリート,桃色のコンクリート,桃色のコンクリート,桃色のコンクリート,桃色のコンクリート,桃色のコンクリート,桃色のコンクリート,桃色のコンクリート,空気,桃色のコンクリート,桃色のコンクリート,桃色のコンクリート,桃色のコンクリート,桃色のコンクリート,桃色のコンクリート,桃色の羊毛,空気,桃色の羊毛,桃色のコンクリート,桃色のコンクリート,桃色のコンクリート,桃色のコンクリート,桃色のコンクリート,桃色のコンクリート,空気,桃色のコンクリート,桃色のコンクリート,桃色のコンクリート,桃色のコンクリート,桃色のコンクリート,桃色のコンクリート,桃色の羊毛,桃色の羊毛,空気,空気,空気,空気,空気,空気,空気,空気,空気,空気,空気,空気,空気,空気,空気,空気,空気,空気,空気,空気,空気,空気,空気,空気,空気,空気,空気,空気,空気,空気
22,空気,空気,空気,空気,空気,空気,空気,空気,空気,空気,空気,空気,空気,空気,桃色のコンクリート,桃色のコンクリート,空気,空気,桃色のコンクリート,桃色のコンクリート,桃色のコンクリート,桃色のコンクリート,桃色のコンクリート,桃色のコンクリート,桃色のコンクリート,桃色のコンクリート,桃色のコンクリート,桃色のコンクリート,桃色のコンクリート,桃色のコンクリート,桃色のコンクリート,桃色のコンクリート,空気,空気,桃色の羊毛,桃色のコンクリート,桃色のコンクリート,桃色のコンクリート,桃色のコンクリート,桃色のコンクリート,桃色のコンクリート,桃色のコンクリート,空気,空気,空気,桃色のコンクリート,桃色のコンクリート,桃色のコンクリート,桃色のコンクリート,桃色のコンクリート,桃色のコンクリート,桃色のコンクリート,桃色のコンクリート,桃色のコンクリート,桃色のコンクリート,桃色のコンクリート,桃色のコンクリート,桃色のコンクリート,桃色のコンクリート,桃色のコンクリート,空気,桃色のコンクリート,桃色のコンクリート,桃色のコンクリート,桃色のコンクリート,桃色のコンクリート,桃色のコンクリート,桃色のコンクリート,桃色のコンクリート,桃色のコンクリート,桃色のコンクリート,桃色のコンクリート,桃色のコンクリート,空気,桃色のコンクリート,桃色のコンクリート,桃色のコンクリート,桃色のコンクリート,桃色のコンクリート,桃色のコンクリート,桃色のコンクリート,桃色のコンクリート,桃色のコンクリート,桃色のコンクリート,桃色のコンクリート,桃色のコンクリート,桃色のコンクリート,桃色のコンクリート,桃色のコンクリート,空気,桃色のコンクリート,桃色のコンクリート,桃色のコンクリート,桃色のコンクリート,桃色のコンクリート,桃色のコンクリート,桃色の羊毛,桃色のコンクリート,桃色のコンクリート,桃色のコンクリート,桃色のコンクリート,桃色のコンクリート,桃色の羊毛,空気,空気,空気,空気,空気,空気,空気,空気,空気,空気,空気,空気,空気,空気,空気,空気,空気,空気,空気,空気,空気,空気,空気,空気,空気
23,空気,空気,空気,空気,空気,空気,空気,空気,空気,空気,空気,空気,空気,空気,空気,空気,空気,空気,桃色のコンクリート,桃色のコンクリート,桃色のコンクリート,桃色のコンクリート,桃色のコンクリート,桃色のコンクリート,桃色のコンクリート,桃色のコンクリート,桃色のコンクリート,桃色のコンクリート,桃色のコンクリート,桃色のコンクリート,桃色のコンクリート,桃色のコンクリート,空気,空気,桃色の羊毛,桃色のコンクリート,桃色のコンクリート,桃色のコンクリート,桃色のコンクリート,桃色のコンクリート,桃色のコンクリート,桃色のコンクリート,空気,空気,空気,桃色のコンクリート,桃色のコンクリート,桃色のコンクリート,桃色のコンクリート,桃色のコンクリート,桃色のコンクリート,桃色のコンクリート,桃色のコンクリート,桃色のコンクリート,桃色のコンクリート,桃色のコンクリート,桃色のコンクリート,桃色のコンクリート,桃色のコンクリート,桃色のコンクリート,空気,桃色のコンクリート,桃色のコンクリート,桃色のコンクリート,桃色のコンクリート,桃色のコンクリート,桃色のコンクリート,桃色のコンクリート,桃色のコンクリート,桃色のコンクリート,桃色のコンクリート,桃色のコンクリート,桃色のコンクリート,空気,桃色のコンクリート,桃色のコンクリート,桃色のコンクリート,桃色のコンクリート,桃色のコンクリート,桃色のコンクリート,桃色のコンクリート,桃色のコンクリート,桃色のコンクリート,桃色のコンクリート,桃色のコンクリート,桃色のコンクリート,桃色のコンクリート,桃色のコンクリート,桃色のコンクリート,空気,桃色のコンクリート,桃色のコンクリート,桃色のコンクリート,桃色のコンクリート,桃色のコンクリート,桃色のコンクリート,桃色の羊毛,桃色のコンクリート,桃色のコンクリート,桃色のコンクリート,桃色のコンクリート,桃色のコンクリート,桃色のコンクリート,桃色のコンクリート,桃色のコンクリート,桃色のコンクリート,空気,桃色のコンクリート,空気,空気,空気,空気,空気,空気,空気,空気,空気,空気,空気,空気,空気,空気,空気,空気,空気,空気,空気,空気
24,空気,空気,空気,空気,空気,空気,空気,空気,空気,空気,空気,空気,空気,空気,空気,空気,空気,空気,桃色のコンクリート,桃色のコンクリート,桃色のコンクリート,桃色のコンクリート,桃色のコンクリート,桃色のコンクリート,桃色のコンクリート,桃色のコンクリート,桃色のコンクリート,桃色のコンクリート,桃色のコンクリート,桃色のコンクリート,桃色のコンクリート,桃色のコンクリート,空気,空気,桃色の羊毛,桃色のコンクリート,桃色のコンクリート,桃色のコンクリート,桃色のコンクリート,桃色のコンクリート,桃色のコンクリート,桃色のコンクリート,空気,空気,空気,桃色のコンクリート,桃色のコンクリート,桃色のコンクリート,桃色のコンクリート,桃色のコンクリート,桃色のコンクリート,桃色のコンクリート,桃色のコンクリート,桃色のコンクリート,桃色のコンクリート,桃色のコンクリート,桃色のコンクリート,桃色のコンクリート,桃色のコンクリート,桃色のコンクリート,空気,桃色のコンクリート,桃色のコンクリート,桃色のコンクリート,桃色のコンクリート,桃色のコンクリート,桃色のコンクリート,桃色のコンクリート,桃色のコンクリート,桃色のコンクリート,桃色のコンクリート,桃色のコンクリート,桃色のコンクリート,空気,桃色のコンクリート,桃色のコンクリート,桃色のコンクリート,桃色のコンクリート,桃色のコンクリート,桃色のコンクリート,桃色のコンクリート,桃色のコンクリート,桃色のコンクリート,桃色のコンクリート,桃色のコンクリート,桃色のコンクリート,桃色のコンクリート,桃色のコンクリート,桃色のコンクリート,空気,桃色のコンクリート,桃色のコンクリート,桃色のコンクリート,桃色のコンクリート,桃色のコンクリート,桃色のコンクリート,桃色の羊毛,桃色のコンクリート,桃色のコンクリート,桃色のコンクリート,桃色のコンクリート,桃色のコンクリート,桃色のコンクリート,桃色のコンクリート,桃色のコンクリート,桃色のコンクリート,空気,桃色のコンクリート,桃色のコンクリート,桃色のコンクリート,桃色のコンクリート,桃色のコンクリート,空気,空気,空気,空気,空気,空気,空気,空気,空気,空気,空気,空気,空気,空気,空気,空気
25,空気,空気,空気,空気,空気,空気,空気,空気,空気,空気,空気,空気,空気,空気,空気,空気,空気,空気,桃色のコンクリート,桃色のコンクリート,桃色のコンクリート,桃色のコンクリート,桃色のコンクリート,桃色のコンクリート,桃色のコンクリート,桃色のコンクリート,桃色のコンクリート,桃色のコンクリート,桃色のコンクリート,桃色のコンクリート,桃色のコンクリート,桃色のコンクリート,空気,空気,桃色の羊毛,桃色のコンクリート,桃色のコンクリート,桃色のコンクリート,桃色のコンクリート,桃色のコンクリート,桃色のコンクリート,桃色のコンクリート,空気,空気,空気,桃色のコンクリート,桃色のコンクリート,桃色のコンクリート,桃色のコンクリート,桃色のコンクリート,桃色のコンクリート,桃色のコンクリート,桃色のコンクリート,桃色のコンクリート,桃色のコンクリート,桃色のコンクリート,桃色のコンクリート,桃色のコンクリート,桃色のコンクリート,桃色のコンクリート,空気,桃色のコンクリート,桃色のコンクリート,桃色のコンクリート,桃色のコンクリート,桃色のコンクリート,桃色のコンクリート,桃色のコンクリート,桃色のコンクリート,桃色のコンクリート,桃色のコンクリート,桃色のコンクリート,桃色のコンクリート,空気,桃色のコンクリート,桃色のコンクリート,桃色のコンクリート,桃色のコンクリート,桃色のコンクリート,桃色のコンクリート,桃色のコンクリート,桃色のコンクリート,桃色のコンクリート,桃色のコンクリート,桃色のコンクリート,桃色のコンクリート,桃色のコンクリート,桃色のコンクリート,空気,空気,桃色のコンクリート,桃色のコンクリート,桃色のコンクリート,桃色のコンクリート,桃色のコンクリート,桃色のコンクリート,桃色の羊毛,桃色のコンクリート,桃色のコンクリート,桃色のコンクリート,桃色のコンクリート,桃色のコンクリート,桃色のコンクリート,桃色のコンクリート,桃色のコンクリート,桃色のコンクリート,空気,桃色のコンクリート,桃色のコンクリート,桃色のコンクリート,桃色のコンクリート,桃色のコンクリート,桃色のコンクリート,桃色のコンクリート,桃色の羊毛,桃色のコンクリート,桃色のコンクリート,空気,空気,空気,空気,空気,空気,空気,空気,空気,空気,空気
26,空気,空気,空気,空気,空気,空気,空気,空気,空気,空気,空気,空気,空気,空気,空気,空気,空気,空気,桃色のコンクリート,桃色のコンクリート,桃色のコンクリート,桃色のコンクリート,桃色のコンクリート,桃色のコンクリート,桃色のコンクリート,桃色のコンクリート,桃色のコンクリート,桃色のコンクリート,桃色のコンクリート,桃色のコンクリート,桃色のコンクリート,桃色のコンクリート,桃色の羊毛,空気,桃色の羊毛,桃色のコンクリート,桃色のコンクリート,桃色のコンクリート,桃色のコンクリート,桃色のコンクリート,桃色のコンクリート,桃色のコンクリート,空気,空気,空気,桃色のコンクリート,桃色のコンクリート,桃色のコンクリート,桃色のコンクリート,桃色のコンクリート,桃色のコンクリート,桃色のコンクリート,桃色のコンクリート,桃色のコンクリート,桃色のコンクリート,桃色のコンクリート,桃色のコンクリート,桃色のコンクリート,桃色のコンクリート,桃色のコンクリート,空気,桃色のコンクリート,桃色のコンクリート,桃色のコンクリート,桃色のコンクリート,桃色のコンクリート,桃色のコンクリート,桃色のコンクリート,桃色のコンクリート,桃色のコンクリート,桃色のコンクリート,桃色のコンクリート,桃色のコンクリート,空気,桃色のコンクリート,桃色のコンクリート,桃色のコンクリート,桃色のコンクリート,桃色のコンクリート,桃色のコンクリート,桃色のコンクリート,桃色のコンクリート,桃色のコンクリート,桃色のコンクリート,桃色のコンクリート,桃色のコンクリート,桃色のコンクリート,桃色の羊毛,空気,空気,桃色のコンクリート,桃色のコンクリート,桃色のコンクリート,桃色のコンクリート,桃色のコンクリート,桃色のコンクリート,桃色の羊毛,桃色のコンクリート,桃色のコンクリート,桃色のコンクリート,桃色のコンクリート,桃色のコンクリート,桃色のコンクリート,桃色のコンクリート,桃色のコンクリート,桃色のコンクリート,桃色のコンクリート,桃色のコンクリート,桃色のコンクリート,桃色のコンクリート,桃色のコンクリート,桃色のコンクリート,桃色のコンクリート,桃色のコンクリート,桃色の羊毛,桃色のコンクリート,桃色のコンクリート,桃色のコンクリート,桃色のコンクリート,桃色のコンクリート,桃色の羊毛,空気,空気,空気,空気,空気,空気,空気
27,空気,空気,空気,空気,空気,空気,空気,空気,空気,空気,空気,空気,空気,空気,空気,空気,空気,桃色の羊毛,桃色のコンクリート,桃色のコンクリート,桃色のコンクリート,桃色のコンクリート,桃色のコンクリート,桃色のコンクリート,桃色のコンクリート,桃色のコンクリート,桃色のコンクリート,桃色のコンクリート,桃色のコンクリート,桃色のコンクリート,桃色のコンクリート,桃色のコンクリート,桃色のコンクリート,空気,桃色の羊毛,桃色のコンクリート,桃色のコンクリート,桃色のコンクリート,桃色のコンクリート,桃色のコンクリート,桃色のコンクリート,桃色のコンクリート,空気,空気,空気,桃色のコンクリート,桃色のコンクリート,桃色のコンクリート,桃色のコンクリート,桃色のコンクリート,桃色のコンクリート,桃色のコンクリート,桃色のコンクリート,桃色のコンクリート,桃色のコンクリート,桃色のコンクリート,桃色のコンクリート,桃色のコンクリート,桃色のコンクリート,桃色のコンクリート,空気,桃色のコンクリート,桃色のコンクリート,桃色のコンクリート,桃色のコンクリート,桃色のコンクリート,桃色のコンクリート,桃色のコンクリート,桃色のコンクリート,桃色のコンクリート,桃色のコンクリート,桃色のコンクリート,桃色のコンクリート,空気,桃色のコンクリート,桃色のコンクリート,桃色のコンクリート,桃色のコンクリート,桃色のコンクリート,桃色のコンクリート,桃色のコンクリート,桃色のコンクリート,桃色のコンクリート,桃色のコンクリート,桃色のコンクリート,桃色のコンクリート,桃色のコンクリート,空気,空気,空気,桃色のコンクリート,桃色のコンクリート,桃色のコンクリート,桃色のコンクリート,桃色のコンクリート,桃色のコンクリート,桃色の羊毛,桃色のコンクリート,桃色のコンクリート,桃色のコンクリート,桃色のコンクリート,桃色のコンクリート,桃色のコンクリート,桃色のコンクリート,桃色のコンクリート,桃色のコンクリート,桃色のコンクリート,桃色のコンクリート,桃色のコンクリート,桃色のコンクリート,桃色のコンクリート,桃色のコンクリート,桃色のコンクリート,桃色のコンクリート,桃色の羊毛,桃色のコンクリート,桃色のコンクリート,桃色のコンクリート,桃色のコンクリート,桃色のコンクリート,桃色のコンクリート,桃色のコンクリート,桃色のコンクリート,桃色のコンクリート,空気,空気,空気,空気
28,空気,空気,空気,空気,空気,空気,空気,空気,空気,空気,空気,空気,空気,空気,空気,空気,空気,空気,桃色のコンクリート,桃色のコンクリート,桃色のコンクリート,桃色のコンクリート,桃色のコンクリート,桃色のコンクリート,桃色のコンクリート,桃色のコンクリート,桃色のコンクリート,桃色のコンクリート,桃色のコンクリート,桃色のコンクリート,桃色のコンクリート,桃色のコンクリート,桃色のコンクリート,空気,桃色の羊毛,桃色のコンクリート,桃色のコンクリート,桃色のコンクリート,桃色のコンクリート,桃色のコンクリート,桃色のコンクリート,桃色のコンクリート,空気,空気,空気,桃色のコンクリート,桃色のコンクリート,桃色のコンクリート,桃色のコンクリート,桃色のコンクリート,桃色のコンクリート,桃色のコンクリート,桃色のコンクリート,桃色のコンクリート,桃色のコンクリート,桃色のコンクリート,桃色のコンクリート,桃色のコンクリート,桃色のコンクリート,桃色のコンクリート,空気,桃色のコンクリート,桃色のコンクリート,桃色のコンクリート,桃色のコンクリート,桃色のコンクリート,桃色のコンクリート,桃色のコンクリート,桃色のコンクリート,桃色のコンクリート,桃色のコンクリート,桃色のコンクリート,桃色のコンクリート,空気,桃色のコンクリート,桃色のコンクリート,桃色のコンクリート,桃色のコンクリート,桃色のコンクリート,桃色のコンクリート,桃色のコンクリート,桃色のコンクリート,桃色のコンクリート,桃色のコンクリート,桃色のコンクリート,桃色のコンクリート,桃色のコンクリート,空気,空気,空気,桃色のコンクリート,桃色のコンクリート,桃色のコンクリート,桃色のコンクリート,桃色のコンクリート,桃色のコンクリート,桃色の羊毛,桃色のコンクリート,桃色のコンクリート,桃色のコンクリート,桃色のコンクリート,桃色のコンクリート,桃色のコンクリート,桃色のコンクリート,桃色のコンクリート,桃色のコンクリート,桃色のコンクリート,桃色のコンクリート,桃色のコンクリート,桃色のコンクリート,桃色のコンクリート,桃色のコンクリート,桃色のコンクリート,桃色のコンクリート,桃色の羊毛,桃色のコンクリート,桃色のコンクリート,桃色のコンクリート,桃色のコンクリート,桃色のコンクリート,桃色のコンクリート,桃色のコンクリート,桃色のコンクリート,桃色のコンクリート,桃色のコンクリート,桃色のコンクリート,桃色のコンクリート,空気
29,空気,空気,空気,空気,空気,空気,空気,空気,空気,空気,空気,空気,空気,空気,空気,空気,空気,空気,桃色のコンクリート,桃色のコンクリート,桃色のコンクリート,桃色のコンクリート,桃色のコンクリート,桃色のコンクリート,桃色のコンクリート,桃色のコンクリート,桃色のコンクリート,桃色のコンクリート,桃色のコンクリート,桃色のコンクリート,桃色のコンクリート,桃色のコンクリート,桃色のコンクリート,空気,桃色の羊毛,桃色のコンクリート,桃色のコンクリート,桃色のコンクリート,桃色のコンクリート,桃色のコンクリート,桃色のコンクリート,桃色のコンクリート,空気,空気,空気,桃色のコンクリート,桃色のコンクリート,桃色のコンクリート,桃色のコンクリート,桃色のコンクリート,桃色のコンクリート,空気,空気,桃色の羊毛,桃色のコンクリート,桃色のコンクリート,桃色のコンクリート,桃色のコンクリート,桃色のコンクリート,桃色のコンクリート,空気,桃色のコンクリート,桃色のコンクリート,桃色のコンクリート,桃色のコンクリート,桃色のコンクリート,桃色のコンクリート,空気,空気,空気,空気,空気,空気,空気,桃色のコンクリート,桃色のコンクリート,桃色のコンクリート,桃色のコンクリート,桃色のコンクリート,桃色のコンクリート,桃色のコンクリート,桃色のコンクリート,桃色のコンクリート,桃色のコンクリート,桃色のコンクリート,桃色のコンクリート,桃色のコンクリート,空気,空気,空気,桃色のコンクリート,桃色のコンクリート,桃色のコンクリート,桃色のコンクリート,桃色のコンクリート,桃色のコンクリート,桃色の羊毛,桃色のコンクリート,桃色のコンクリート,桃色のコンクリート,桃色のコンクリート,桃色のコンクリート,桃色のコンクリート,桃色のコンクリート,桃色のコンクリート,桃色のコンクリート,桃色のコンクリート,桃色のコンクリート,桃色のコンクリート,桃色のコンクリート,桃色のコンクリート,桃色のコンクリート,桃色のコンクリート,桃色のコンクリート,桃色の羊毛,桃色のコンクリート,桃色のコンクリート,桃色のコンクリート,桃色のコンクリート,桃色のコンクリート,桃色のコンクリート,桃色のコンクリート,空気,空気,空気,空気,空気,空気
30,空気,空気,空気,空気,空気,空気,空気,空気,空気,空気,空気,空気,空気,空気,空気,空気,空気,空気,空気,桃色のコンクリート,桃色のコンクリート,桃色のコンクリート,桃色のコンクリート,桃色のコンクリート,桃色のコンクリート,桃色のコンクリート,桃色のコンクリート,桃色のコンクリート,桃色のコンクリート,桃色のコンクリート,桃色のコンクリート,桃色のコンクリート,桃色のコンクリート,空気,桃色の羊毛,桃色のコンクリート,桃色のコンクリート,桃色のコンクリート,桃色のコンクリート,桃色のコンクリート,桃色のコンクリート,桃色のコンクリート,空気,空気,空気,桃色のコンクリート,桃色のコンクリート,桃色のコンクリート,桃色のコンクリート,桃色のコンクリート,桃色のコンクリート,空気,空気,桃色の羊毛,桃色のコンクリート,桃色のコンクリート,桃色のコンクリート,桃色のコンクリート,桃色のコンクリート,桃色のコンクリート,空気,桃色のコンクリート,桃色のコンクリート,桃色のコンクリート,桃色のコンクリート,桃色のコンクリート,桃色のコンクリート,桃色のコンクリート,桃色のコンクリート,桃色のコンクリート,桃色のコンクリート,桃色のコンクリート,桃色のコンクリート,桃色の羊毛,桃色のコンクリート,桃色のコンクリート,桃色のコンクリート,桃色のコンクリート,桃色のコンクリート,桃色のコンクリート,桃色の羊毛,桃色のコンクリート,桃色のコンクリート,桃色のコンクリート,桃色のコンクリート,桃色のコンクリート,桃色のコンクリート,桃色の羊毛,空気,空気,桃色のコンクリート,桃色のコンクリート,桃色のコンクリート,桃色のコンクリート,桃色のコンクリート,桃色のコンクリート,桃色の羊毛,桃色のコンクリート,桃色のコンクリート,桃色のコンクリート,桃色のコンクリート,桃色のコンクリート,桃色のコンクリート,桃色のコンクリート,桃色のコンクリート,桃色のコンクリート,桃色のコンクリート,桃色のコンクリート,桃色のコンクリート,桃色のコンクリート,桃色のコンクリート,桃色のコンクリート,桃色のコンクリート,桃色のコンクリート,桃色の羊毛,桃色のコンクリート,桃色のコンクリート,桃色のコンクリート,桃色のコンクリート,桃色のコンクリート,桃色のコンクリート,桃色のコンクリート,桃色のコンクリート,桃色のコンクリート,桃色のコンクリート,桃色のコンクリート,桃色のコンクリート,桃色のコンクリート
31,空気,空気,空気,空気,空気,空気,空気,空気,空気,空気,空気,空気,空気,空気,空気,空気,空気,空気,空気,桃色のコンクリート,桃色のコンクリート,桃色のコンクリート,桃色のコンクリート,桃色のコンクリート,桃色のコンクリート,桃色のコンクリート,桃色のコンクリート,桃色のコンクリート,桃色のコンクリート,桃色のコンクリート,桃色のコンクリート,桃色のコンクリート,桃色のコンクリート,空気,桃色の羊毛,桃色のコンクリート,桃色のコンクリート,桃色のコンクリート,桃色のコンクリート,桃色のコンクリート,桃色のコンクリート,桃色のコンクリート,空気,空気,空気,桃色のコンクリート,桃色のコンクリート,桃色のコンクリート,桃色のコンクリート,桃色のコンクリート,桃色のコンクリート,空気,空気,桃色の羊毛,桃色のコンクリート,桃色のコンクリート,桃色のコンクリート,桃色のコンクリート,桃色のコンクリート,桃色のコンクリート,空気,桃色のコンクリート,桃色のコンクリート,桃色のコンクリート,桃色のコンクリート,桃色のコンクリート,桃色のコンクリート,桃色のコンクリート,桃色のコンクリート,桃色のコンクリート,桃色のコンクリート,桃色のコンクリート,桃色のコンクリート,桃色の羊毛,桃色のコンクリート,桃色のコンクリート,桃色のコンクリート,桃色のコンクリート,桃色のコンクリート,桃色のコンクリート,桃色の羊毛,桃色のコンクリート,桃色のコンクリート,桃色のコンクリート,桃色のコンクリート,桃色のコンクリート,桃色のコンクリート,桃色のコンクリート,空気,空気,桃色のコンクリート,桃色のコンクリート,桃色のコンクリート,桃色のコンクリート,桃色のコンクリート,桃色のコンクリート,桃色の羊毛,桃色のコンクリート,桃色のコンクリート,桃色のコンクリート,桃色のコンクリート,桃色のコンクリート,桃色のコンクリート,空気,桃色のコンクリート,桃色のコンクリート,桃色のコンクリート,桃色のコンクリート,桃色のコンクリート,桃色のコンクリート,桃色のコンクリート,桃色のコンクリート,桃色のコンクリート,桃色のコンクリート,桃色の羊毛,桃色のコンクリート,桃色のコンクリート,桃色のコンクリート,桃色のコンクリート,桃色のコンクリート,桃色のコンクリート,桃色のコンクリート,桃色のコンクリート,桃色のコンクリート,桃色のコンクリート,桃色のコンクリート,桃色のコンクリート,桃色のコンクリート
32,空気,空気,空気,空気,空気,空気,空気,空気,空気,空気,空気,空気,空気,空気,空気,空気,空気,空気,空気,空気,桃色のコンクリート,桃色のコンクリート,桃色のコンクリート,桃色のコンクリート,桃色のコンクリート,桃色のコンクリート,桃色のコンクリート,桃色のコンクリート,桃色のコンクリート,桃色のコンクリート,桃色のコンクリート,桃色のコンクリート,桃色のコンクリート,桃色の羊毛,桃色の羊毛,桃色のコンクリート,桃色のコンクリート,桃色のコンクリート,桃色のコンクリート,桃色のコンクリート,桃色のコンクリート,桃色のコンクリート,空気,空気,空気,桃色のコンクリート,桃色のコンクリート,桃色のコンクリート,桃色のコンクリート,桃色のコンクリート,桃色のコンクリート,空気,空気,桃色の羊毛,桃色のコンクリート,桃色のコンクリート,桃色のコンクリート,桃色のコンクリート,桃色のコンクリート,桃色のコンクリート,空気,桃色のコンクリート,桃色のコンクリート,桃色のコンクリート,桃色のコンクリート,桃色のコンクリート,桃色のコンクリート,桃色のコンクリート,桃色のコンクリート,桃色のコンクリート,桃色のコンクリート,桃色のコンクリート,桃色のコンクリート,桃色の羊毛,桃色のコンクリート,桃色のコンクリート,桃色のコンクリート,桃色のコンクリート,桃色のコンクリート,桃色のコンクリート,桃色の羊毛,桃色のコンクリート,桃色のコンクリート,桃色のコンクリート,桃色のコンクリート,桃色のコンクリート,桃色のコンクリート,桃色のコンクリート,空気,空気,桃色のコンクリート,桃色のコンクリート,桃色のコンクリート,桃色のコンクリート,桃色のコンクリート,桃色のコンクリート,桃色の羊毛,桃色のコンクリート,桃色のコンクリート,桃色のコンクリート,桃色のコンクリート,桃色のコンクリート,桃色のコンクリート,桃色の羊毛,桃色のコンクリート,桃色のコンクリート,桃色のコンクリート,桃色のコンクリート,桃色のコンクリート,桃色のコンクリート,桃色のコンクリート,桃色のコンクリート,桃色のコンクリート,桃色のコンクリート,桃色の羊毛,桃色のコンクリート,桃色のコンクリート,桃色のコンクリート,桃色のコンクリート,桃色のコンクリート,桃色のコンクリート,桃色のコンクリート,桃色のコンクリート,桃色のコンクリート,桃色のコンクリート,桃色のコンクリート,桃色のコンクリート,桃色のコンクリート
33,空気,空気,空気,空気,空気,空気,空気,空気,空気,空気,空気,空気,空気,空気,空気,空気,空気,空気,空気,空気,桃色のコンクリート,桃色のコンクリート,桃色のコンクリート,桃色の羊毛,空気,空気,空気,桃色のコンクリート,桃色のコンクリート,桃色のコンクリート,桃色のコンクリート,桃色のコンクリート,桃色のコンクリート,桃色のコンクリート,桃色の羊毛,桃色のコンクリート,桃色のコンクリート,桃色のコンクリート,桃色のコンクリート,桃色のコンクリート,桃色のコンクリート,桃色のコンクリート,空気,空気,空気,桃色のコンクリート,桃色のコンクリート,桃色のコンクリート,桃色のコンクリート,桃色のコンクリート,桃色のコンクリート,空気,空気,桃色の羊毛,桃色のコンクリート,桃色のコンクリート,桃色のコンクリート,桃色のコンクリート,桃色のコンクリート,桃色のコンクリート,空気,桃色のコンクリート,桃色のコンクリート,桃色のコンクリート,桃色のコンクリート,桃色のコンクリート,桃色のコンクリート,桃色のコンクリート,桃色のコンクリート,桃色のコンクリート,桃色のコンクリート,桃色のコンクリート,桃色のコンクリート,桃色の羊毛,桃色のコンクリート,桃色のコンクリート,桃色のコンクリート,桃色のコンクリート,桃色のコンクリート,桃色のコンクリート,桃色の羊毛,桃色のコンクリート,桃色のコンクリート,桃色のコンクリート,桃色のコンクリート,桃色のコンクリート,桃色のコンクリート,桃色のコンクリート,空気,空気,桃色のコンクリート,桃色のコンクリート,桃色のコンクリート,桃色のコンクリート,桃色のコンクリート,桃色のコンクリート,桃色の羊毛,桃色のコンクリート,桃色のコンクリート,桃色のコンクリート,桃色のコンクリート,桃色のコンクリート,桃色のコンクリート,桃色の羊毛,桃色のコンクリート,桃色のコンクリート,桃色のコンクリート,桃色のコンクリート,桃色のコンクリート,桃色のコンクリート,桃色のコンクリート,桃色のコンクリート,桃色のコンクリート,桃色のコンクリート,桃色の羊毛,桃色のコンクリート,桃色のコンクリート,桃色のコンクリート,桃色のコンクリート,桃色のコンクリート,桃色のコンクリート,桃色のコンクリート,桃色のコンクリート,桃色のコンクリート,桃色のコンクリート,桃色のコンクリート,桃色のコンクリート,桃色のコンクリート
34,空気,空気,空気,空気,空気,空気,空気,空気,空気,空気,空気,空気,空気,空気,空気,空気,空気,空気,空気,空気,空気,桃色のコンクリート,桃色のコンクリート,空気,空気,空気,空気,桃色のコンクリート,桃色のコンクリート,桃色のコンクリート,桃色のコンクリート,桃色のコンクリート,桃色のコンクリート,桃色のコンクリート,桃色の羊毛,桃色のコンクリート,桃色のコンクリート,桃色のコンクリート,桃色のコンクリート,桃色のコンクリート,桃色のコンクリート,桃色のコンクリート,空気,空気,空気,桃色のコンクリート,桃色のコンクリート,桃色のコンクリート,桃色のコンクリート,桃色のコンクリート,桃色のコンクリート,空気,空気,桃色の羊毛,桃色のコンクリート,桃色のコンクリート,桃色のコンクリート,桃色のコンクリート,桃色のコンクリート,桃色のコンクリート,空気,桃色のコンクリート,桃色のコンクリート,桃色のコンクリート,桃色のコンクリート,桃色のコンクリート,桃色のコンクリート,桃色のコンクリート,桃色のコンクリート,桃色のコンクリート,桃色のコンクリート,桃色のコンクリート,桃色のコンクリート,桃色の羊毛,桃色のコンクリート,桃色のコンクリート,桃色のコンクリート,桃色のコンクリート,桃色のコンクリート,桃色のコンクリート,桃色の羊毛,桃色の羊毛,桃色のコンクリート,桃色のコンクリート,桃色のコンクリート,桃色のコンクリート,桃色のコンクリート,桃色のコンクリート,桃色のコンクリート,空気,桃色のコンクリート,桃色のコンクリート,桃色のコンクリート,桃色のコンクリート,桃色のコンクリート,桃色のコンクリート,桃色の羊毛,桃色のコンクリート,桃色のコンクリート,桃色のコンクリート,桃色のコンクリート,桃色のコンクリート,桃色のコンクリート,桃色のコンクリート,桃色の羊毛,桃色のコンクリート,桃色のコンクリート,桃色のコンクリート,桃色のコンクリート,桃色のコンクリート,桃色のコンクリート,桃色のコンクリート,桃色のコンクリート,桃色のコンクリート,桃色の羊毛,桃色のコンクリート,桃色のコンクリート,桃色のコンクリート,桃色のコンクリート,桃色のコンクリート,桃色のコンクリート,桃色のコンクリート,桃色のコンクリート,桃色のコンクリート,桃色のコンクリート,桃色のコンクリート,桃色のコンクリート,桃色のコンクリート
35,空気,空気,空気,空気,空気,空気,空気,空気,空気,空気,空気,空気,空気,空気,空気,空気,空気,空気,空気,空気,空気,桃色のコンクリート,桃色のコンクリート,空気,空気,空気,空気,桃色のコンクリート,桃色のコンクリート,桃色のコンクリート,桃色のコンクリート,桃色のコンクリート,桃色のコンクリート,桃色のコンクリート,桃色の羊毛,桃色のコンクリート,桃色のコンクリート,桃色のコンクリート,桃色のコンクリート,桃色のコンクリート,桃色のコンクリート,桃色のコンクリート,空気,空気,空気,桃色のコンクリート,桃色のコンクリート,桃色のコンクリート,桃色のコンクリート,桃色のコンクリート,桃色のコンクリート,空気,空気,桃色の羊毛,桃色のコンクリート,桃色のコンクリート,桃色のコンクリート,桃色のコンクリート,桃色のコンクリート,桃色のコンクリート,空気,桃色のコンクリート,桃色のコンクリート,桃色のコンクリート,桃色のコンクリート,桃色のコンクリート,桃色のコンクリート,桃色のコンクリート,桃色のコンクリート,桃色のコンクリート,桃色のコンクリート,桃色のコンクリート,桃色のコンクリート,桃色の羊毛,桃色のコンクリート,桃色のコンクリート,桃色のコンクリート,桃色のコンクリート,桃色のコンクリート,桃色のコンクリート,桃色の羊毛,空気,桃色のコンクリート,桃色のコンクリート,桃色のコンクリート,桃色のコンクリート,桃色のコンクリート,桃色のコンクリート,桃色のコンクリート,空気,桃色のコンクリート,桃色のコンクリート,桃色のコンクリート,桃色のコンクリート,桃色のコンクリート,桃色のコンクリート,桃色の羊毛,桃色のコンクリート,桃色のコンクリート,桃色のコンクリート,桃色のコンクリート,桃色のコンクリート,桃色のコンクリート,桃色のコンクリート,空気,桃色のコンクリート,桃色のコンクリート,桃色のコンクリート,桃色のコンクリート,桃色のコンクリート,桃色のコンクリート,桃色のコンクリート,桃色のコンクリート,桃色のコンクリート,桃色の羊毛,桃色のコンクリート,桃色のコンクリート,桃色のコンクリート,桃色のコンクリート,桃色のコンクリート,桃色のコンクリート,桃色のコンクリート,桃色のコンクリート,桃色のコンクリート,桃色のコンクリート,桃色のコンクリート,桃色のコンクリート,桃色のコンクリート
36,空気,空気,空気,空気,空気,空気,空気,空気,空気,空気,空気,空気,空気,空気,空気,空気,空気,空気,空気,空気,空気,桃色の羊毛,桃色のコンクリート,空気,空気,空気,空気,桃色のコンクリート,桃色のコンクリート,桃色のコンクリート,桃色のコンクリート,桃色のコンクリート,桃色のコンクリート,桃色のコンクリート,桃色の羊毛,桃色のコンクリート,桃色のコンクリート,桃色のコンクリート,桃色のコンクリート,桃色のコンクリート,桃色のコンクリート,桃色のコンクリート,空気,空気,空気,桃色のコンクリート,桃色のコンクリート,桃色のコンクリート,桃色のコンクリート,桃色のコンクリート,桃色のコンクリート,空気,空気,桃色の羊毛,桃色のコンクリート,桃色のコンクリート,桃色のコンクリート,桃色のコンクリート,桃色のコンクリート,桃色のコンクリート,空気,桃色のコンクリート,桃色のコンクリート,桃色のコンクリート,桃色のコンクリート,桃色のコンクリート,桃色のコンクリート,桃色のコンクリート,桃色のコンクリート,桃色のコンクリート,桃色のコンクリート,桃色のコンクリート,桃色のコンクリート,桃色の羊毛,桃色のコンクリート,桃色のコンクリート,桃色のコンクリート,桃色のコンクリート,桃色のコンクリート,桃色のコンクリート,桃色の羊毛,空気,桃色のコンクリート,桃色のコンクリート,桃色のコンクリート,桃色のコンクリート,桃色のコンクリート,桃色のコンクリート,桃色のコンクリート,空気,桃色のコンクリート,桃色のコンクリート,桃色のコンクリート,桃色のコンクリート,桃色のコンクリート,桃色のコンクリート,桃色の羊毛,桃色のコンクリート,桃色のコンクリート,桃色のコンクリート,桃色のコンクリート,桃色のコンクリート,桃色のコンクリート,桃色のコンクリート,空気,桃色のコンクリート,桃色のコンクリート,桃色のコンクリート,桃色のコンクリート,桃色のコンクリート,桃色のコンクリート,桃色のコンクリート,桃色のコンクリート,桃色のコンクリート,桃色の羊毛,桃色のコンクリート,桃色のコンクリート,桃色のコンクリート,桃色のコンクリート,桃色のコンクリート,桃色のコンクリート,桃色のコンクリート,桃色のコンクリート,桃色のコンクリート,桃色のコンクリート,桃色のコンクリート,桃色のコンクリート,桃色のコンクリート
37,空気,空気,空気,空気,空気,空気,空気,空気,空気,空気,空気,空気,空気,空気,空気,空気,空気,空気,空気,空気,空気,空気,桃色のコンクリート,空気,空気,空気,空気,桃色のコンクリート,桃色のコンクリート,桃色のコンクリート,桃色のコンクリート,桃色のコンクリート,桃色のコンクリート,桃色のコンクリート,桃色の羊毛,桃色のコンクリート,桃色のコンクリート,桃色のコンクリート,桃色のコンクリート,桃色のコンクリート,桃色のコンクリート,桃色のコンクリート,空気,空気,空気,桃色のコンクリート,桃色のコンクリート,桃色のコンクリート,桃色のコンクリート,桃色のコンクリート,桃色のコンクリート,空気,空気,桃色の羊毛,桃色のコンクリート,桃色のコンクリート,桃色のコンクリート,桃色のコンクリート,桃色のコンクリート,桃色のコンクリート,空気,桃色のコンクリート,桃色のコンクリート,桃色のコンクリート,桃色のコンクリート,桃色のコンクリート,桃色のコンクリート,桃色のコンクリート,桃色のコンクリート,桃色のコンクリート,桃色のコンクリート,桃色のコンクリート,桃色のコンクリート,桃色の羊毛,桃色のコンクリート,桃色のコンクリート,桃色のコンクリート,桃色のコンクリート,桃色のコンクリート,桃色のコンクリート,桃色の羊毛,空気,桃色のコンクリート,桃色のコンクリート,桃色のコンクリート,桃色のコンクリート,桃色のコンクリート,桃色のコンクリート,桃色のコンクリート,桃色のコンクリート,桃色のコンクリート,桃色のコンクリート,桃色のコンクリート,桃色のコンクリート,桃色のコンクリート,桃色のコンクリート,桃色の羊毛,桃色のコンクリート,桃色のコンクリート,桃色のコンクリート,桃色のコンクリート,桃色のコンクリート,桃色のコンクリート,桃色のコンクリート,空気,桃色のコンクリート,桃色のコンクリート,桃色のコンクリート,桃色のコンクリート,桃色のコンクリート,桃色のコンクリート,桃色のコンクリート,桃色のコンクリート,桃色のコンクリート,桃色の羊毛,桃色のコンクリート,桃色のコンクリート,桃色のコンクリート,桃色のコンクリート,桃色のコンクリート,桃色のコンクリート,桃色のコンクリート,桃色のコンクリート,桃色のコンクリート,桃色のコンクリート,桃色のコンクリート,桃色のコンクリート,桃色のコンクリート
38,空気,空気,空気,空気,空気,空気,空気,空気,空気,空気,空気,空気,空気,空気,空気,空気,空気,空気,空気,空気,空気,空気,空気,空気,空気,空気,空気,桃色の羊毛,桃色の羊毛,桃色の羊毛,桃色の羊毛,桃色の羊毛,桃色の羊毛,桃色の羊毛,桃色の羊毛,桃色の羊毛,桃色の羊毛,桃色の羊毛,桃色の羊毛,桃色の羊毛,桃色の羊毛,桃色の羊毛,空気,空気,空気,桃色の羊毛,桃色の羊毛,桃色の羊毛,桃色の羊毛,桃色の羊毛,桃色の羊毛,空気,空気,空気,桃色の羊毛,桃色の羊毛,桃色の羊毛,桃色の羊毛,桃色の羊毛,桃色の羊毛,空気,桃色の羊毛,桃色の羊毛,桃色の羊毛,桃色の羊毛,桃色の羊毛,桃色の羊毛,桃色の羊毛,桃色の羊毛,桃色の羊毛,桃色の羊毛,桃色の羊毛,桃色の羊毛,桃色の羊毛,桃色の羊毛,桃色の羊毛,桃色の羊毛,桃色の羊毛,桃色の羊毛,桃色の羊毛,桃色の羊毛,空気,桃色の羊毛,桃色の羊毛,桃色の羊毛,桃色の羊毛,桃色の羊毛,桃色の羊毛,桃色の羊毛,桃色の羊毛,桃色の羊毛,桃色の羊毛,桃色の羊毛,桃色の羊毛,桃色の羊毛,桃色の羊毛,空気,桃色の羊毛,桃色の羊毛,桃色の羊毛,桃色の羊毛,桃色の羊毛,桃色の羊毛,桃色の羊毛,空気,空気,桃色の羊毛,桃色の羊毛,桃色の羊毛,桃色の羊毛,桃色の羊毛,桃色の羊毛,桃色の羊毛,桃色の羊毛,空気,桃色の羊毛,桃色の羊毛,桃色の羊毛,桃色の羊毛,桃色の羊毛,桃色の羊毛,桃色の羊毛,桃色の羊毛,桃色の羊毛,桃色の羊毛,桃色の羊毛,桃色の羊毛,桃色の羊毛
39,空気,空気,空気,空気,空気,空気,空気,空気,空気,空気,空気,空気,空気,空気,空気,空気,空気,空気,空気,空気,空気,空気,空気,空気,空気,空気,空気,空気,空気,空気,空気,空気,空気,空気,空気,空気,空気,空気,空気,空気,空気,空気,空気,空気,空気,空気,空気,空気,空気,空気,桃色の羊毛,桃色の羊毛,桃色の羊毛,桃色の羊毛,桃色の羊毛,空気,空気,空気,空気,空気,空気,空気,空気,空気,空気,空気,空気,空気,空気,空気,空気,空気,空気,空気,空気,空気,空気,空気,空気,空気,空気,空気,空気,空気,空気,空気,空気,空気,空気,空気,空気,空気,空気,空気,空気,空気,空気,空気,空気,空気,空気,空気,空気,空気,空気,空気,空気,空気,空気,空気,空気,空気,空気,空気,空気,空気,空気,空気,空気,空気,空気,空気,空気,空気,空気,空気,空気,空気
40,空気,空気,空気,空気,空気,空気,空気,空気,空気,空気,空気,空気,空気,空気,空気,空気,空気,空気,空気,空気,空気,空気,空気,桃色の羊毛,桃色のコンクリート,桃色のコンクリート,桃色のコンクリート,桃色のコンクリート,桃色のコンクリート,桃色のコンクリート,桃色のコンクリート,桃色のコンクリート,桃色のコンクリート,桃色のコンクリート,桃色のコンクリート,桃色のコンクリート,桃色のコンクリート,桃色のコンクリート,桃色のコンクリート,桃色のコンクリート,桃色のコンクリート,桃色のコンクリート,桃色の羊毛,空気,桃色のコンクリート,桃色のコンクリート,桃色のコンクリート,桃色のコンクリート,桃色のコンクリート,桃色の羊毛,桃色のコンクリート,桃色のコンクリート,桃色のコンクリート,桃色のコンクリート,桃色のコンクリート,桃色の羊毛,空気,空気,空気,空気,空気,桃色のコンクリート,桃色のコンクリート,桃色のコンクリート,桃色のコンクリート,桃色のコンクリート,空気,空気,空気,空気,空気,桃色の羊毛,桃色のコンクリート,桃色のコンクリート,桃色のコンクリート,桃色のコンクリート,桃色のコンクリート,桃色のコンクリート,桃色のコンクリート,桃色のコンクリート,桃色のコンクリート,空気,空気,空気,空気,空気,空気,空気,桃色の羊毛,桃色のコンクリート,桃色のコンクリート,桃色のコンクリート,桃色のコンクリート,空気,空気,空気,空気,空気,桃色のコンクリート,桃色のコンクリート,桃色のコンクリート,桃色のコンクリート,桃色のコンクリート,桃色のコンクリート,桃色のコンクリート,桃色のコンクリート,桃色のコンクリート,桃色のコンクリート,桃色のコンクリート,空気,空気,桃色のコンクリート,桃色のコンクリート,桃色のコンクリート,桃色のコンクリート,桃色のコンクリート,桃色のコンクリート,空気,桃色の羊毛,桃色のコンクリート,桃色のコンクリート,桃色のコンクリート,桃色のコンクリート,桃色のコンクリート,空気,空気,空気,桃色のコンクリート
41,空気,空気,空気,空気,空気,空気,空気,空気,空気,空気,空気,空気,空気,空気,空気,空気,空気,空気,空気,空気,空気,空気,空気,空気,桃色のコンクリート,桃色のコンクリート,桃色のコンクリート,桃色のコンクリート,桃色のコンクリート,桃色のコンクリート,桃色のコンクリート,桃色のコンクリート,桃色のコンクリート,桃色のコンクリート,桃色のコンクリート,桃色のコンクリート,桃色のコンクリート,桃色のコンクリート,桃色のコンクリート,桃色のコンクリート,桃色のコンクリート,桃色のコンクリート,桃色の羊毛,空気,桃色のコンクリート,桃色のコンクリート,桃色のコンクリート,桃色のコンクリート,桃色のコンクリート,桃色の羊毛,桃色のコンクリート,桃色のコンクリート,桃色のコンクリート,桃色のコンクリート,桃色のコンクリート,桃色の羊毛,空気,空気,空気,空気,空気,桃色のコンクリート,桃色のコンクリート,桃色のコンクリート,桃色のコンクリート,桃色のコンクリート,空気,空気,空気,空気,空気,桃色の羊毛,桃色のコンクリート,桃色のコンクリート,桃色のコンクリート,桃色のコンクリート,桃色のコンクリート,桃色のコンクリート,桃色のコンクリート,桃色のコンクリート,桃色のコンクリート,桃色の羊毛,空気,空気,空気,空気,空気,桃色のコンクリート,桃色のコンクリート,桃色のコンクリート,桃色のコンクリート,桃色のコンクリート,桃色のコンクリート,桃色のコンクリート,空気,空気,空気,空気,桃色のコンクリート,桃色のコンクリート,桃色のコンクリート,桃色のコンクリート,桃色のコンクリート,桃色のコンクリート,桃色のコンクリート,桃色のコンクリート,桃色のコンクリート,桃色のコンクリート,桃色のコンクリート,桃色のコンクリート,空気,桃色のコンクリート,桃色のコンクリート,桃色のコンクリート,桃色のコンクリート,桃色のコンクリート,桃色のコンクリート,空気,桃色のコンクリート,桃色のコンクリート,桃色のコンクリート,桃色のコンクリート,桃色のコンクリート,桃色のコンクリート,空気,空気,空気,空気
42,空気,空気,空気,空気,空気,空気,空気,空気,空気,空気,空気,空気,空気,空気,空気,空気,空気,空気,空気,空気,空気,空気,空気,空気,空気,桃色のコンクリート,桃色のコンクリート,桃色のコンクリート,桃色のコンクリート,桃色のコンクリート,桃色のコンクリート,桃色のコンクリート,桃色のコンクリート,桃色のコンクリート,桃色のコンクリート,桃色のコンクリート,桃色のコンクリート,桃色のコンクリート,桃色のコンクリート,桃色のコンクリート,桃色のコンクリート,桃色のコンクリート,桃色の羊毛,空気,桃色のコンクリート,桃色のコンクリート,桃色のコンクリート,桃色のコンクリート,桃色のコンクリート,桃色の羊毛,桃色のコンクリート,桃色のコンクリート,桃色のコンクリート,桃色のコンクリート,桃色のコンクリート,桃色の羊毛,空気,空気,空気,空気,空気,桃色のコンクリート,桃色のコンクリート,桃色のコンクリート,桃色のコンクリート,桃色のコンクリート,空気,空気,空気,空気,空気,桃色の羊毛,桃色のコンクリート,桃色のコンクリート,桃色のコンクリート,桃色のコンクリート,桃色のコンクリート,桃色のコンクリート,桃色のコンクリート,桃色のコンクリート,桃色のコンクリート,桃色のコンクリート,空気,空気,空気,空気,空気,桃色のコンクリート,桃色のコンクリート,桃色のコンクリート,桃色のコンクリート,桃色のコンクリート,桃色のコンクリート,桃色のコンクリート,桃色の羊毛,空気,空気,空気,桃色のコンクリート,桃色のコンクリート,桃色のコンクリート,桃色のコンクリート,桃色のコンクリート,桃色のコンクリート,桃色のコンクリート,桃色のコンクリート,桃色のコンクリート,桃色のコンクリート,桃色のコンクリート,桃色のコンクリート,桃色のコンクリート,空気,桃色のコンクリート,桃色のコンクリート,桃色のコンクリート,桃色のコンクリート,桃色のコンクリート,空気,桃色のコンクリート,桃色のコンクリート,桃色のコンクリート,桃色のコンクリート,桃色のコンクリート,空気,空気,空気,空気,空気
43,空気,空気,空気,空気,空気,空気,空気,空気,空気,空気,空気,空気,空気,空気,空気,空気,空気,空気,空気,空気,空気,空気,空気,空気,空気,桃色のコンクリート,桃色のコンクリート,桃色のコンクリート,桃色のコンクリート,桃色のコンクリート,桃色のコンクリート,桃色のコンクリート,桃色のコンクリート,桃色のコンクリート,桃色のコンクリート,桃色のコンクリート,桃色のコンクリート,桃色のコンクリート,桃色のコンクリート,桃色のコンクリート,桃色のコンクリート,桃色のコンクリート,桃色の羊毛,空気,桃色のコンクリート,桃色のコンクリート,桃色のコンクリート,桃色のコンクリート,桃色のコンクリート,桃色の羊毛,桃色のコンクリート,桃色のコンクリート,桃色のコンクリート,桃色のコンクリート,桃色のコンクリート,桃色の羊毛,空気,空気,空気,空気,空気,桃色のコンクリート,桃色のコンクリート,桃色のコンクリート,桃色のコンクリート,桃色のコンクリート,空気,空気,空気,空気,空気,桃色の羊毛,桃色のコンクリート,桃色のコンクリート,桃色のコンクリート,桃色のコンクリート,桃色のコンクリート,桃色のコンクリート,桃色のコンクリート,桃色のコンクリート,桃色のコンクリート,桃色のコンクリート,空気,空気,空気,空気,桃色のコンクリート,桃色のコンクリート,桃色のコンクリート,桃色のコンクリート,桃色のコンクリート,桃色のコンクリート,桃色のコンクリート,桃色のコンクリート,桃色のコンクリート,空気,空気,空気,桃色のコンクリート,桃色のコンクリート,桃色のコンクリート,桃色のコンクリート,桃色のコンクリート,桃色のコンクリート,桃色のコンクリート,桃色のコンクリート,桃色のコンクリート,桃色のコンクリート,桃色のコンクリート,桃色のコンクリート,桃色のコンクリート,桃色のコンクリート,桃色のコンクリート,桃色のコンクリート,桃色のコンクリート,桃色のコンクリート,桃色のコンクリート,桃色のコンクリート,桃色のコンクリート,桃色のコンクリート,桃色のコンクリート,桃色のコンクリート,桃色のコンクリート,空気,空気,空気,空気,空気
44,空気,空気,空気,空気,空気,空気,空気,空気,空気,空気,空気,空気,空気,空気,空気,空気,空気,空気,空気,空気,空気,空気,空気,空気,空気,空気,桃色のコンクリート,桃色のコンクリート,桃色のコンクリート,桃色のコンクリート,桃色のコンクリート,桃色のコンクリート,桃色のコンクリート,桃色のコンクリート,桃色のコンクリート,桃色のコンクリート,桃色のコンクリート,桃色のコンクリート,桃色のコンクリート,桃色のコンクリート,桃色のコンクリート,桃色のコンクリート,桃色の羊毛,空気,桃色のコンクリート,桃色のコンクリート,桃色のコンクリート,桃色のコンクリート,桃色のコンクリート,桃色の羊毛,桃色のコンクリート,桃色のコンクリート,桃色のコンクリート,桃色のコンクリート,桃色のコンクリート,桃色の羊毛,空気,空気,空気,空気,空気,桃色のコンクリート,桃色のコンクリート,桃色のコンクリート,桃色のコンクリート,桃色のコンクリート,空気,空気,空気,空気,空気,桃色の羊毛,桃色のコンクリート,桃色のコンクリート,桃色のコンクリート,桃色のコンクリート,桃色のコンクリート,桃色のコンクリート,桃色のコンクリート,桃色のコンクリート,桃色のコンクリート,桃色のコンクリート,桃色のコンクリート,空気,空気,空気,桃色のコンクリート,桃色のコンクリート,桃色のコンクリート,桃色のコンクリート,桃色のコンクリート,桃色のコンクリート,桃色のコンクリート,桃色のコンクリート,桃色のコンクリート,桃色の羊毛,空気,空気,桃色のコンクリート,桃色のコンクリート,桃色のコンクリート,桃色のコンクリート,桃色のコンクリート,桃色のコンクリート,桃色のコンクリート,桃色のコンクリート,桃色のコンクリート,桃色のコンクリート,桃色のコンクリート,桃色のコンクリート,桃色のコンクリート,桃色のコンクリート,空気,桃色のコンクリート,桃色のコンクリート,桃色のコンクリート,桃色のコンクリート,桃色のコンクリート,桃色のコンクリート,桃色のコンクリート,桃色のコンクリート,桃色のコンクリート,空気,空気,空気,空気,空気,空気
45,空気,空気,空気,空気,空気,空気,空気,空気,空気,空気,空気,空気,空気,空気,空気,空気,空気,空気,空気,空気,空気,空気,空気,空気,空気,空気,桃色のコンクリート,桃色のコンクリート,桃色のコンクリート,桃色のコンクリート,桃色のコンクリート,桃色のコンクリート,桃色の羊毛,桃色の羊毛,桃色の羊毛,桃色の羊毛,桃色の羊毛,桃色のコンクリート,桃色のコンクリート,桃色のコンクリート,桃色のコンクリート,桃色のコンクリート,桃色の羊毛,空気,桃色のコンクリート,桃色のコンクリート,桃色のコンクリート,桃色のコンクリート,桃色のコンクリート,桃色の羊毛,桃色のコンクリート,桃色のコンクリート,桃色のコンクリート,桃色のコンクリート,桃色のコンクリート,桃色の羊毛,空気,空気,空気,空気,空気,桃色のコンクリート,桃色のコンクリート,桃色のコンクリート,桃色のコンクリート,桃色のコンクリート,空気,空気,空気,空気,空気,桃色の羊毛,桃色のコンクリート,桃色のコンクリート,桃色のコンクリート,桃色のコンクリート,桃色のコンクリート,桃色のコンクリート,桃色のコンクリート,桃色のコンクリート,桃色のコンクリート,桃色のコンクリート,桃色のコンクリート,空気,空気,桃色の羊毛,桃色のコンクリート,桃色のコンクリート,桃色のコンクリート,桃色のコンクリート,桃色のコンクリート,桃色のコンクリート,桃色のコンクリート,桃色のコンクリート,桃色のコンクリート,桃色のコンクリート,空気,空気,桃色のコンクリート,桃色のコンクリート,桃色のコンクリート,桃色のコンクリート,桃色のコンクリート,桃色のコンクリート,桃色のコンクリート,桃色のコンクリート,桃色のコンクリート,桃色のコンクリート,桃色のコンクリート,桃色のコンクリート,桃色のコンクリート,桃色のコンクリート,桃色のコンクリート,桃色のコンクリート,桃色のコンクリート,桃色のコンクリート,桃色のコンクリート,桃色のコンクリート,桃色のコンクリート,桃色のコンクリート,桃色のコンクリート,桃色のコンクリート,空気,空気,空気,空気,空気,空気
46,空気,空気,空気,空気,空気,空気,空気,空気,空気,空気,空気,空気,空気,空気,空気,空気,空気,空気,空気,空気,空気,空気,空気,空気,空気,空気,空気,桃色のコンクリート,桃色のコンクリート,桃色のコンクリート,桃色のコンクリート,桃色のコンクリート,白色のテラコッタ,白色のテラコッタ,白色のテラコッタ,白色のテラコッタ,空気,桃色のコンクリート,桃色のコンクリート,桃色のコンクリート,桃色のコンクリート,桃色のコンクリート,桃色の羊毛,空気,桃色のコンクリート,桃色のコンクリート,桃色のコンクリート,桃色のコンクリート,桃色のコンクリート,桃色の羊毛,桃色のコンクリート,桃色のコンクリート,桃色のコンクリート,桃色のコンクリート,桃色のコンクリート,桃色の羊毛,空気,空気,空気,空気,空気,桃色のコンクリート,桃色のコンクリート,桃色のコンクリート,桃色のコンクリート,桃色のコンクリート,空気,空気,空気,空気,空気,桃色の羊毛,桃色のコンクリート,桃色のコンクリート,桃色のコンクリート,桃色のコンクリート,桃色のコンクリート,桃色のコンクリート,桃色のコンクリート,桃色のコンクリート,桃色のコンクリート,桃色のコンクリート,桃色のコンクリート,空気,空気,桃色のコンクリート,桃色のコンクリート,桃色のコンクリート,桃色のコンクリート,桃色のコンクリート,桃色のコンクリート,桃色のコンクリート,桃色のコンクリート,桃色のコンクリート,桃色のコンクリート,桃色のコンクリート,空気,空気,桃色のコンクリート,桃色のコンクリート,桃色のコンクリート,桃色のコンクリート,桃色のコンクリート,桃色のコンクリート,桃色のコンクリート,桃色のコンクリート,桃色のコンクリート,桃色のコンクリート,桃色のコンクリート,桃色のコンクリート,桃色のコンクリート,桃色のコンクリート,桃色のコンクリート,空気,桃色のコンクリート,桃色のコンクリート,桃色のコンクリート,桃色のコンクリート,桃色のコンクリート,桃色のコンクリート,桃色のコンクリート,空気,空気,空気,空気,空気,空気,空気
47,空気,空気,空気,空気,空気,空気,空気,空気,空気,空気,空気,空気,空気,空気,空気,空気,空気,空気,空気,空気,空気,空気,空気,空気,空気,空気,空気,桃色の羊毛,桃色のコンクリート,桃色のコンクリート,桃色のコンクリート,桃色のコンクリート,桃色のコンクリート,桃色のコンクリート,桃色のコンクリート,桃色のコンクリート,空気,桃色のコンクリート,桃色のコンクリート,桃色のコンクリート,桃色のコンクリート,桃色のコンクリート,桃色の羊毛,空気,桃色のコンクリート,桃色のコンクリート,桃色のコンクリート,桃色のコンクリート,桃色のコンクリート,桃色の羊毛,桃色のコンクリート,桃色のコンクリート,桃色のコンクリート,桃色のコンクリート,桃色のコンクリート,桃色の羊毛,空気,空気,空気,空気,空気,桃色のコンクリート,桃色のコンクリート,桃色のコンクリート,桃色のコンクリート,桃色のコンクリート,空気,空気,空気,空気,空気,桃色の羊毛,桃色のコンクリート,桃色のコンクリート,桃色のコンクリート,桃色のコンクリート,桃色のコンクリート,桃色のコンクリート,桃色のコンクリート,桃色のコンクリート,桃色のコンクリート,桃色のコンクリート,桃色のコンクリート,空気,空気,桃色のコンクリート,桃色のコンクリート,桃色のコンクリート,桃色のコンクリート,桃色のコンクリート,桃色のコンクリート,桃色のコンクリート,桃色のコンクリート,桃色のコンクリート,桃色のコンクリート,桃色のコンクリート,空気,空気,桃色のコンクリート,桃色のコンクリート,桃色のコンクリート,桃色のコンクリート,桃色のコンクリート,桃色のコンクリート,桃色のコンクリート,桃色のコンクリート,桃色のコンクリート,桃色のコンクリート,桃色のコンクリート,桃色のコンクリート,桃色のコンクリート,桃色のコンクリート,桃色のコンクリート,空気,桃色の羊毛,桃色のコンクリート,桃色のコンクリート,桃色のコンクリート,桃色のコンクリート,桃色のコンクリート,空気,空気,空気,空気,空気,空気,空気,空気
48,空気,空気,空気,空気,空気,空気,空気,空気,空気,空気,空気,空気,空気,空気,空気,空気,空気,空気,空気,空気,空気,空気,空気,空気,空気,空気,空気,空気,桃色のコンクリート,桃色のコンクリート,桃色のコンクリート,桃色のコンクリート,桃色のコンクリート,桃色のコンクリート,桃色のコンクリート,桃色のコンクリート,空気,桃色のコンクリート,桃色のコンクリート,桃色のコンクリート,桃色のコンクリート,桃色のコンクリート,桃色の羊毛,空気,桃色のコンクリート,桃色のコンクリート,桃色のコンクリート,桃色のコンクリート,桃色のコンクリート,桃色の羊毛,桃色のコンクリート,桃色のコンクリート,桃色のコンクリート,桃色のコンクリート,桃色のコンクリート,桃色の羊毛,空気,空気,空気,空気,空気,桃色のコンクリート,桃色のコンクリート,桃色のコンクリート,桃色のコンクリート,桃色のコンクリート,空気,空気,空気,空気,空気,桃色の羊毛,桃色のコンクリート,桃色のコンクリート,桃色のコンクリート,桃色のコンクリート,桃色のコンクリート,桃色のコンクリート,桃色のコンクリート,桃色のコンクリート,桃色のコンクリート,桃色のコンクリート,桃色のコンクリート,空気,空気,桃色のコンクリート,桃色のコンクリート,桃色のコンクリート,桃色のコンクリート,桃色のコンクリート,桃色のコンクリート,桃色のコンクリート,桃色のコンクリート,桃色のコンクリート,桃色のコンクリート,桃色のコンクリート,空気,空気,桃色のコンクリート,桃色のコンクリート,桃色のコンクリート,桃色のコンクリート,桃色のコンクリート,桃色のコンクリート,桃色のコンクリート,桃色のコンクリート,桃色のコンクリート,桃色のコンクリート,桃色のコンクリート,桃色のコンクリート,桃色のコンクリート,桃色のコンクリート,桃色のコンクリート,桃色の羊毛,桃色の羊毛,桃色のコンクリート,桃色のコンクリート,桃色のコンクリート,桃色のコンクリート,空気,空気,空気,空気,空気,空気,空気,空気,空気
49,空気,空気,空気,空気,空気,空気,空気,空気,空気,空気,空気,空気,空気,空気,空気,空気,空気,空気,空気,空気,空気,空気,空気,空気,空気,空気,空気,空気,桃色の羊毛,桃色のコンクリート,桃色のコンクリート,桃色のコンクリート,桃色のコンクリート,桃色のコンクリート,桃色のコンクリート,桃色のコンクリート,空気,桃色のコンクリート,桃色のコンクリート,桃色のコンクリート,桃色のコンクリート,桃色のコンクリート,桃色の羊毛,空気,桃色のコンクリート,桃色のコンクリート,桃色のコンクリート,桃色のコンクリート,桃色のコンクリート,桃色の羊毛,桃色のコンクリート,桃色のコンクリート,桃色のコンクリート,桃色のコンクリート,桃色のコンクリート,桃色の羊毛,空気,空気,空気,空気,空気,桃色のコンクリート,桃色のコンクリート,桃色のコンクリート,桃色のコンクリート,桃色のコンクリート,空気,空気,空気,空気,空気,桃色の羊毛,桃色のコンクリート,桃色のコンクリート,桃色のコンクリート,桃色のコンクリート,桃色のコンクリート,桃色のコンクリート,桃色のコンクリート,桃色のコンクリート,桃色のコンクリート,桃色のコンクリート,桃色のコンクリート,空気,空気,桃色のコンクリート,桃色のコンクリート,桃色のコンクリート,桃色のコンクリート,桃色のコンクリート,桃色のコンクリート,桃色のコンクリート,桃色のコンクリート,桃色のコンクリート,桃色のコンクリート,桃色のコンクリート,桃色のコンクリート,空気,桃色のコンクリート,桃色のコンクリート,桃色のコンクリート,桃色のコンクリート,桃色のコンクリート,桃色のコンクリート,桃色のコンクリート,空気,桃色のコンクリート,桃色のコンクリート,桃色のコンクリート,桃色のコンクリート,桃色のコンクリート,桃色のコンクリート,桃色のコンクリート,桃色のコンクリート,桃色の羊毛,桃色のコンクリート,桃色のコンクリート,桃色のコンクリート,空気,空気,空気,空気,空気,空気,空気,空気,空気,空気
50,空気,空気,空気,空気,空気,空気,空気,空気,空気,空気,空気,空気,空気,空気,空気,空気,空気,空気,空気,空気,空気,空気,空気,空気,空気,空気,空気,空気,空気,桃色のコンクリート,桃色のコンクリート,桃色のコンクリート,桃色のコンクリート,桃色のコンクリート,桃色のコンクリート,桃色のコンクリート,空気,桃色のコンクリート,桃色のコンクリート,桃色のコンクリート,桃色のコンクリート,桃色のコンクリート,桃色の羊毛,空気,桃色のコンクリート,桃色のコンクリート,桃色のコンクリート,桃色のコンクリート,桃色のコンクリート,桃色の羊毛,桃色のコンクリート,桃色のコンクリート,桃色のコンクリート,桃色のコンクリート,桃色のコンクリート,桃色の羊毛,空気,空気,空気,空気,空気,桃色のコンクリート,桃色のコンクリート,桃色のコンクリート,桃色のコンクリート,桃色のコンクリート,空気,空気,空気,空気,空気,桃色の羊毛,桃色のコンクリート,桃色のコンクリート,桃色のコンクリート,桃色のコンクリート,桃色のコンクリート,桃色のコンクリート,桃色のコンクリート,桃色のコンクリート,桃色のコンクリート,桃色のコンクリート,桃色のコンクリート,空気,桃色の羊毛,桃色のコンクリート,桃色のコンクリート,桃色のコンクリート,桃色のコンクリート,桃色のコンクリート,桃色のコンクリート,桃色のコンクリート,桃色のコンクリート,桃色のコンクリート,桃色のコンクリート,桃色のコンクリート,桃色のコンクリート,空気,桃色のコンクリート,桃色のコンクリート,桃色のコンクリート,桃色のコンクリート,桃色のコンクリート,桃色のコンクリート,桃色のコンクリート,空気,空気,桃色のコンクリート,桃色のコンクリート,桃色のコンクリート,桃色のコンクリート,桃色のコンクリート,桃色のコンクリート,桃色のコンクリート,桃色の羊毛,桃色のコンクリート,桃色のコンクリート,桃色の羊毛,空気,空気,空気,空気,空気,空気,空気,空気,空気,空気
51,空気,空気,空気,空気,空気,空気,空気,空気,空気,空気,空気,空気,空気,空気,空気,空気,空気,空気,空気,空気,空気,空気,空気,空気,空気,空気,空気,空気,空気,空気,桃色のコンクリート,桃色のコンクリート,桃色のコンクリート,桃色のコンクリート,桃色のコンクリート,桃色のコンクリート,空気,桃色のコンクリート,桃色のコンクリート,桃色のコンクリート,桃色のコンクリート,桃色のコンクリート,桃色の羊毛,空気,桃色のコンクリート,桃色のコンクリート,桃色のコンクリート,桃色のコンクリート,桃色のコンクリート,桃色の羊毛,桃色のコンクリート,桃色のコンクリート,桃色のコンクリート,桃色のコンクリート,桃色のコンクリート,桃色の羊毛,空気,空気,空気,空気,空気,桃色のコンクリート,桃色のコンクリート,桃色のコンクリート,桃色のコンクリート,桃色のコンクリート,空気,空気,空気,空気,空気,桃色の羊毛,桃色のコンクリート,桃色のコンクリート,桃色のコンクリート,桃色のコンクリート,桃色のコンクリート,空気,桃色のコンクリート,桃色のコンクリート,桃色のコンクリート,桃色のコンクリート,桃色のコンクリート,空気,桃色のコンクリート,桃色のコンクリート,桃色のコンクリート,桃色のコンクリート,桃色のコンクリート,桃色のコンクリート,桃色のコンクリート,桃色のコンクリート,桃色のコンクリート,桃色のコンクリート,桃色のコンクリート,桃色のコンクリート,桃色のコンクリート,空気,桃色のコンクリート,桃色のコンクリート,桃色のコンクリート,桃色のコンクリート,桃色のコンクリート,桃色のコンクリート,桃色のコンクリート,空気,空気,桃色のコンクリート,桃色のコンクリート,桃色のコンクリート,桃色のコンクリート,桃色のコンクリート,桃色のコンクリート,桃色のコンクリート,桃色の羊毛,桃色のコンクリート,桃色のコンクリート,空気,空気,空気,空気,空気,空気,空気,空気,空気,空気,空気
52,空気,空気,空気,空気,空気,空気,空気,空気,空気,空気,空気,空気,空気,空気,空気,空気,空気,空気,空気,空気,空気,空気,空気,空気,空気,空気,空気,空気,空気,空気,桃色のコンクリート,桃色のコンクリート,空気,空気,空気,空気,空気,桃色のコンクリート,桃色のコンクリート,桃色のコンクリート,桃色のコンクリート,桃色のコンクリート,桃色の羊毛,空気,桃色のコンクリート,桃色のコンクリート,桃色のコンクリート,桃色のコンクリート,桃色のコンクリート,桃色の羊毛,桃色のコンクリート,桃色のコンクリート,桃色のコンクリート,桃色のコンクリート,桃色のコンクリート,桃色の羊毛,空気,空気,空気,空気,空気,桃色のコンクリート,桃色のコンクリート,桃色のコンクリート,桃色のコンクリート,桃色のコンクリート,空気,空気,空気,空気,空気,桃色の羊毛,桃色のコンクリート,桃色のコンクリート,桃色のコンクリート,桃色のコンクリート,桃色のコンクリート,空気,桃色のコンクリート,桃色のコンクリート,桃色のコンクリート,桃色のコンクリート,桃色のコンクリート,空気,桃色のコンクリート,桃色のコンクリート,桃色のコンクリート,桃色のコンクリート,桃色のコンクリート,桃色のコンクリート,桃色のコンクリート,桃色のコンクリート,桃色のコンクリート,桃色のコンクリート,桃色のコンクリート,桃色のコンクリート,桃色のコンクリート,空気,桃色のコンクリート,桃色のコンクリート,桃色のコンクリート,桃色のコンクリート,桃色のコンクリート,桃色のコンクリート,桃色のコンクリート,空気,空気,桃色のコンクリート,桃色のコンクリート,桃色のコンクリート,桃色のコンクリート,桃色のコンクリート,桃色のコンクリート,桃色のコンクリート,桃色の羊毛,桃色のコンクリート,空気,空気,空気,空気,空気,空気,空気,空気,空気,空気,空気,空気
53,空気,空気,空気,空気,空気,空気,空気,空気,空気,空気,空気,空気,空気,空気,空気,空気,空気,空気,空気,空気,空気,空気,空気,空気,空気,空気,空気,空気,空気,空気,空気,桃色のコンクリート,空気,空気,空気,空気,空気,桃色のコンクリート,桃色のコンクリート,桃色のコンクリート,桃色のコンクリート,桃色のコンクリート,桃色の羊毛,空気,桃色のコンクリート,桃色のコンクリート,桃色のコンクリート,桃色のコンクリート,桃色のコンクリート,桃色の羊毛,桃色のコンクリート,桃色のコンクリート,桃色のコンクリート,桃色のコンクリート,桃色のコンクリート,桃色の羊毛,空気,空気,空気,空気,空気,桃色のコンクリート,桃色のコンクリート,桃色のコンクリート,桃色のコンクリート,桃色のコンクリート,空気,空気,空気,空気,空気,桃色の羊毛,桃色のコンクリート,桃色のコンクリート,桃色のコンクリート,桃色のコンクリート,桃色のコンクリート,空気,桃色のコンクリート,桃色のコンクリート,桃色のコンクリート,桃色のコンクリート,桃色のコンクリート,空気,桃色のコンクリート,桃色のコンクリート,桃色のコンクリート,桃色のコンクリート,桃色のコンクリート,桃色のコンクリート,空気,桃色のコンクリート,桃色のコンクリート,桃色のコンクリート,桃色のコンクリート,桃色のコンクリート,桃色のコンクリート,空気,桃色のコンクリート,桃色のコンクリート,桃色のコンクリート,桃色のコンクリート,桃色のコンクリート,桃色のコンクリート,桃色のコンクリート,空気,空気,桃色のコンクリート,桃色のコンクリート,桃色のコンクリート,桃色のコンクリート,桃色のコンクリート,桃色のコンクリート,桃色のコンクリート,桃色の羊毛,空気,空気,空気,空気,空気,空気,空気,空気,空気,空気,空気,空気,空気
54,空気,空気,空気,空気,空気,空気,空気,空気,空気,空気,空気,空気,空気,空気,空気,空気,空気,空気,空気,空気,空気,空気,空気,空気,空気,空気,空気,空気,空気,空気,空気,桃色のコンクリート,空気,空気,空気,空気,空気,桃色のコンクリート,桃色のコンクリート,桃色のコンクリート,桃色のコンクリート,桃色のコンクリート,桃色の羊毛,空気,桃色のコンクリート,桃色のコンクリート,桃色のコンクリート,桃色のコンクリート,桃色のコンクリート,桃色の羊毛,桃色のコンクリート,桃色のコンクリート,桃色のコンクリート,桃色のコンクリート,桃色のコンクリート,桃色の羊毛,空気,空気,空気,空気,空気,桃色のコンクリート,桃色のコンクリート,桃色のコンクリート,桃色のコンクリート,桃色のコンクリート,空気,空気,空気,空気,空気,桃色の羊毛,桃色のコンクリート,桃色のコンクリート,桃色のコンクリート,桃色のコンクリート,桃色のコンクリート,空気,桃色のコンクリート,桃色のコンクリート,桃色のコンクリート,桃色のコンクリート,桃色のコンクリート,空気,桃色のコンクリート,桃色のコンクリート,桃色のコンクリート,桃色のコンクリート,桃色のコンクリート,桃色のコンクリート,空気,白色のテラコッタ,桃色のコンクリート,桃色のコンクリート,桃色のコンクリート,桃色のコンクリート,桃色のコンクリート,空気,桃色のコンクリート,桃色のコンクリート,桃色のコンクリート,桃色のコンクリート,桃色のコンクリート,桃色のコンクリート,桃色のコンクリート,空気,空気,桃色のコンクリート,桃色のコンクリート,桃色のコンクリート,桃色のコンクリート,桃色のコンクリート,桃色のコンクリート,桃色のコンクリート,空気,空気,空気,空気,空気,空気,空気,空気,空気,空気,空気,空気,空気,空気
55,空気,空気,空気,空気,空気,空気,空気,空気,空気,空気,空気,空気,空気,空気,空気,空気,空気,空気,空気,空気,空気,空気,空気,空気,空気,空気,空気,空気,空気,空気,空気,空気,空気,空気,空気,空気,空気,桃色のコンクリート,桃色のコンクリート,桃色のコンクリート,桃色のコンクリート,桃色のコンクリート,桃色の羊毛,空気,桃色のコンクリート,桃色のコンクリート,桃色のコンクリート,桃色のコンクリート,桃色のコンクリート,桃色の羊毛,桃色のコンクリート,桃色のコンクリート,桃色のコンクリート,桃色のコンクリート,桃色のコンクリート,桃色の羊毛,空気,空気,空気,空気,空気,桃色のコンクリート,桃色のコンクリート,桃色のコンクリート,桃色のコンクリート,桃色のコンクリート,空気,空気,空気,空気,空気,桃色の羊毛,桃色のコンクリート,桃色のコンクリート,桃色のコンクリート,桃色のコンクリート,桃色のコンクリート,桃色の羊毛,桃色のコンクリート,桃色のコンクリート,桃色のコンクリート,桃色のコンクリート,桃色のコンクリート,空気,桃色のコンクリート,桃色のコンクリート,桃色のコンクリート,桃色のコンクリート,桃色のコンクリート,桃色のコンクリート,空気,空気,桃色のコンクリート,桃色のコンクリート,桃色のコンクリート,桃色のコンクリート,桃色のコンクリート,空気,桃色のコンクリート,桃色のコンクリート,桃色のコンクリート,桃色のコンクリート,桃色のコンクリート,桃色のコンクリート,桃色のコンクリート,空気,空気,桃色のコンクリート,桃色のコンクリート,桃色のコンクリート,桃色のコンクリート,桃色のコンクリート,桃色のコンクリート,空気,空気,空気,空気,空気,空気,空気,空気,空気,空気,空気,空気,空気,空気,空気
56,空気,空気,空気,空気,空気,空気,空気,空気,空気,空気,空気,空気,空気,空気,空気,空気,空気,空気,空気,空気,空気,空気,空気,空気,空気,空気,空気,空気,空気,空気,空気,空気,空気,空気,空気,空気,空気,桃色のコンクリート,桃色のコンクリート,桃色のコンクリート,桃色のコンクリート,桃色のコンクリート,桃色の羊毛,空気,桃色のコンクリート,桃色のコンクリート,桃色のコンクリート,桃色のコンクリート,桃色のコンクリート,桃色の羊毛,桃色のコンクリート,桃色のコンクリート,桃色のコンクリート,桃色のコンクリート,桃色のコンクリート,桃色の羊毛,空気,空気,空気,空気,空気,桃色のコンクリート,桃色のコンクリート,桃色のコンクリート,桃色のコンクリート,桃色のコンクリート,空気,空気,空気,空気,空気,桃色の羊毛,桃色のコンクリート,桃色のコンクリート,桃色のコンクリート,桃色のコンクリート,桃色のコンクリート,桃色のコンクリート,桃色のコンクリート,桃色のコンクリート,桃色のコンクリート,桃色のコンクリート,桃色の羊毛,空気,桃色のコンクリート,桃色のコンクリート,桃色のコンクリート,桃色のコンクリート,桃色のコンクリート,桃色のコンクリート,空気,空気,桃色のコンクリート,桃色のコンクリート,桃色のコンクリート,桃色のコンクリート,桃色のコンクリート,空気,桃色のコンクリート,桃色のコンクリート,桃色のコンクリート,桃色のコンクリート,桃色のコンクリート,桃色のコンクリート,桃色のコンクリート,空気,空気,桃色のコンクリート,桃色のコンクリート,桃色のコンクリート,桃色のコンクリート,桃色のコンクリート,空気,空気,空気,空気,空気,空気,空気,空気,空気,空気,空気,空気,空気,空気,空気,空気
57,空気,空気,空気,空気,空気,空気,空気,空気,空気,空気,空気,空気,空気,空気,空気,空気,空気,空気,空気,空気,空気,空気,空気,空気,空気,空気,空気,空気,空気,空気,空気,空気,空気,空気,空気,空気,空気,桃色のコンクリート,桃色のコンクリート,桃色のコンクリート,桃色のコンクリート,桃色のコンクリート,桃色の羊毛,空気,桃色のコンクリート,桃色のコンクリート,桃色のコンクリート,桃色のコンクリート,桃色のコンクリート,桃色の羊毛,桃色のコンクリート,桃色のコンクリート,桃色のコンクリート,桃色のコンクリート,桃色のコンクリート,桃色の羊毛,空気,空気,空気,空気,空気,桃色のコンクリート,桃色のコンクリート,桃色のコンクリート,桃色のコンクリート,桃色のコンクリート,空気,空気,空気,空気,空気,桃色の羊毛,桃色のコンクリート,桃色のコンクリート,桃色のコンクリート,桃色のコンクリート,桃色のコンクリート,桃色のコンクリート,桃色のコンクリート,桃色のコンクリート,桃色のコンクリート,桃色のコンクリート,空気,空気,桃色のコンクリート,桃色のコンクリート,桃色のコンクリート,桃色のコンクリート,桃色のコンクリート,桃色のコンクリート,空気,空気,桃色のコンクリート,桃色のコンクリート,桃色のコンクリート,桃色のコンクリート,桃色のコンクリート,空気,桃色のコンクリート,桃色のコンクリート,桃色のコンクリート,桃色のコンクリート,桃色のコンクリート,桃色のコンクリート,桃色のコンクリート,空気,空気,桃色のコンクリート,桃色のコンクリート,桃色のコンクリート,桃色のコンクリート,桃色の羊毛,空気,空気,空気,空気,空気,空気,空気,空気,空気,空気,空気,空気,空気,空気,空気,空気
58,空気,空気,空気,空気,空気,空気,空気,空気,空気,空気,空気,空気,空気,空気,空気,空気,空気,空気,空気,空気,空気,空気,空気,空気,空気,空気,空気,空気,空気,空気,空気,空気,空気,空気,空気,空気,空気,桃色のコンクリート,桃色のコンクリート,桃色のコンクリート,桃色のコンクリート,桃色のコンクリート,桃色の羊毛,空気,桃色のコンクリート,桃色のコンクリート,桃色のコンクリート,桃色のコンクリート,桃色のコンクリート,桃色の羊毛,桃色のコンクリート,桃色のコンクリート,桃色のコンクリート,桃色のコンクリート,桃色のコンクリート,桃色の羊毛,空気,空気,空気,空気,空気,桃色のコンクリート,桃色のコンクリート,桃色のコンクリート,桃色のコンクリート,桃色のコンクリート,空気,空気,空気,空気,空気,桃色の羊毛,桃色のコンクリート,桃色のコンクリート,桃色のコンクリート,桃色のコンクリート,桃色のコンクリート,桃色のコンクリート,桃色のコンクリート,桃色のコンクリート,桃色のコンクリート,空気,空気,空気,桃色のコンクリート,桃色のコンクリート,桃色のコンクリート,桃色のコンクリート,桃色のコンクリート,桃色のコンクリート,空気,空気,桃色のコンクリート,桃色のコンクリート,桃色のコンクリート,桃色のコンクリート,桃色のコンクリート,空気,桃色のコンクリート,桃色のコンクリート,桃色のコンクリート,桃色のコンクリート,桃色のコンクリート,桃色のコンクリート,桃色のコンクリート,桃色のコンクリート,桃色のコンクリート,桃色のコンクリート,桃色のコンクリート,桃色のコンクリート,桃色のコンクリート,空気,空気,空気,空気,空気,空気,空気,空気,空気,空気,空気,空気,空気,空気,空気,空気,空気
59,空気,空気,空気,空気,空気,空気,空気,空気,空気,空気,空気,空気,空気,空気,空気,空気,空気,空気,空気,空気,空気,空気,空気,空気,空気,空気,空気,空気,空気,空気,空気,空気,空気,空気,空気,空気,空気,桃色のコンクリート,桃色のコンクリート,桃色のコンクリート,桃色のコンクリート,桃色のコンクリート,桃色の羊毛,空気,桃色のコンクリート,桃色のコンクリート,桃色のコンクリート,桃色のコンクリート,桃色のコンクリート,桃色の羊毛,桃色のコンクリート,桃色のコンクリート,桃色のコンクリート,桃色のコンクリート,桃色のコンクリート,桃色の羊毛,空気,空気,空気,空気,空気,桃色のコンクリート,桃色のコンクリート,桃色のコンクリート,桃色のコンクリート,桃色のコンクリート,空気,空気,空気,空気,空気,桃色の羊毛,桃色のコンクリート,桃色のコンクリート,桃色のコンクリート,桃色のコンクリート,桃色のコンクリート,桃色のコンクリート,桃色のコンクリート,桃色のコンクリート,桃色のコンクリート,桃色のコンクリート,空気,空気,桃色のコンクリート,桃色のコンクリート,桃色のコンクリート,桃色のコンクリート,桃色のコンクリート,桃色のコンクリート,空気,空気,桃色のコンクリート,桃色のコンクリート,桃色のコンクリート,桃色のコンクリート,桃色のコンクリート,桃色の羊毛,桃色のコンクリート,桃色のコンクリート,桃色のコンクリート,桃色のコンクリート,桃色のコンクリート,桃色のコンクリート,桃色のコンクリート,桃色のコンクリート,桃色のコンクリート,桃色のコンクリート,桃色のコンクリート,桃色のコンクリート,空気,空気,空気,空気,空気,空気,空気,空気,空気,空気,空気,空気,空気,空気,空気,空気,空気,空気
60,空気,空気,空気,空気,空気,空気,空気,空気,空気,空気,空気,空気,空気,空気,空気,空気,空気,空気,空気,空気,空気,空気,空気,空気,空気,空気,空気,空気,空気,空気,空気,空気,空気,空気,空気,空気,空気,桃色のコンクリート,桃色のコンクリート,桃色のコンクリート,桃色のコンクリート,桃色のコンクリート,桃色のコンクリート,空気,桃色のコンクリート,桃色のコンクリート,桃色のコンクリート,桃色のコンクリート,桃色のコンクリート,桃色の羊毛,桃色のコンクリート,桃色のコンクリート,桃色のコンクリート,桃色のコンクリート,桃色のコンクリート,桃色の羊毛,空気,空気,空気,空気,空気,桃色のコンクリート,桃色のコンクリート,桃色のコンクリート,桃色のコンクリート,桃色のコンクリート,空気,空気,空気,空気,空気,桃色の羊毛,桃色のコンクリート,桃色のコンクリート,桃色のコンクリート,桃色のコンクリート,桃色のコンクリート,桃色のコンクリート,桃色のコンクリート,桃色のコンクリート,桃色のコンクリート,桃色のコンクリート,桃色のコンクリート,空気,桃色のコンクリート,桃色のコンクリート,桃色のコンクリート,桃色のコンクリート,桃色のコンクリート,桃色のコンクリート,空気,空気,桃色のコンクリート,桃色のコンクリート,桃色のコンクリート,桃色のコンクリート,桃色のコンクリート,桃色の羊毛,桃色のコンクリート,桃色のコンクリート,桃色のコンクリート,桃色のコンクリート,桃色のコンクリート,桃色のコンクリート,桃色のコンクリート,桃色のコンクリート,桃色のコンクリート,桃色のコンクリート,桃色のコンクリート,空気,空気,空気,空気,空気,空気,空気,空気,空気,空気,空気,空気,空気,空気,空気,空気,空気,空気,空気
61,空気,空気,空気,空気,空気,空気,空気,空気,空気,空気,空気,空気,空気,空気,空気,空気,空気,空気,空気,空気,空気,空気,空気,空気,空気,空気,空気,空気,空気,空気,空気,空気,空気,空気,空気,空気,空気,桃色のコンクリート,桃色のコンクリート,桃色のコンクリート,桃色のコンクリート,桃色のコンクリート,桃色のコンクリート,空気,桃色のコンクリート,桃色のコンクリート,桃色のコンクリート,桃色のコンクリート,桃色のコンクリート,桃色の羊毛,桃色のコンクリート,桃色のコンクリート,桃色のコンクリート,桃色のコンクリート,桃色のコンクリート,桃色の羊毛,空気,空気,空気,空気,空気,桃色のコンクリート,桃色のコンクリート,桃色のコンクリート,桃色のコンクリート,桃色のコンクリート,空気,空気,空気,空気,空気,桃色の羊毛,桃色のコンクリート,桃色のコンクリート,桃色のコンクリート,桃色のコンクリート,桃色のコンクリート,桃色のコンクリート,桃色のコンクリート,桃色のコンクリート,桃色のコンクリート,桃色のコンクリート,桃色のコンクリート,空気,桃色のコンクリート,桃色のコンクリート,桃色のコンクリート,桃色のコンクリート,桃色のコンクリート,桃色のコンクリート,空気,空気,桃色のコンクリート,桃色のコンクリート,桃色のコンクリート,桃色のコンクリート,桃色のコンクリート,桃色の羊毛,桃色のコンクリート,桃色のコンクリート,桃色のコンクリート,桃色のコンクリート,桃色のコンクリート,桃色のコンクリート,桃色のコンクリート,桃色のコンクリート,桃色のコンクリート,桃色のコンクリート,空気,空気,空気,空気,空気,空気,空気,空気,空気,空気,空気,空気,空気,空気,空気,空気,空気,空気,空気,空気
62,空気,空気,空気,空気,空気,空気,空気,空気,空気,空気,空気,空気,空気,空気,空気,空気,空気,空気,空気,空気,空気,空気,空気,空気,空気,空気,空気,空気,空気,空気,空気,空気,空気,空気,空気,空気,空気,桃色のコンクリート,桃色のコンクリート,桃色のコンクリート,桃色のコンクリート,桃色のコンクリート,桃色のコンクリート,桃色のコンクリート,桃色のコンクリート,桃色のコンクリート,桃色のコンクリート,桃色のコンクリート,桃色のコンクリート,空気,桃色のコンクリート,桃色のコンクリート,桃色のコンクリート,桃色のコンクリート,桃色のコンクリート,桃色の羊毛,空気,空気,空気,空気,空気,桃色のコンクリート,桃色のコンクリート,桃色のコンクリート,桃色のコンクリート,桃色のコンクリート,空気,空気,空気,空気,空気,桃色の羊毛,桃色のコンクリート,桃色のコンクリート,桃色のコンクリート,桃色のコンクリート,桃色のコンクリート,桃色のコンクリート,桃色のコンクリート,桃色のコンクリート,桃色のコンクリート,桃色のコンクリート,桃色のコンクリート,空気,桃色のコンクリート,桃色のコンクリート,桃色のコンクリート,桃色のコンクリート,桃色のコンクリート,桃色のコンクリート,空気,空気,桃色のコンクリート,桃色のコンクリート,桃色のコンクリート,桃色のコンクリート,桃色のコンクリート,白色のテラコッタ,桃色のコンクリート,桃色のコンクリート,桃色のコンクリート,桃色のコンクリート,桃色のコンクリート,桃色のコンクリート,桃色のコンクリート,桃色のコンクリート,桃色のコンクリート,空気,空気,空気,空気,空気,空気,空気,空気,空気,空気,空気,空気,空気,空気,空気,空気,空気,空気,空気,空気,空気
63,空気,空気,空気,空気,空気,空気,空気,空気,空気,空気,空気,空気,空気,空気,空気,空気,空気,空気,空気,空気,空気,空気,空気,空気,空気,空気,空気,空気,空気,空気,空気,空気,空気,空気,空気,空気,空気,桃色のコンクリート,桃色のコンクリート,桃色のコンクリート,桃色のコンクリート,桃色のコンクリート,桃色のコンクリート,桃色のコンクリート,桃色のコンクリート,桃色のコンクリート,桃色のコンクリート,桃色のコンクリート,桃色のコンクリート,空気,桃色のコンクリート,桃色のコンクリート,桃色のコンクリート,桃色のコンクリート,桃色のコンクリート,桃色の羊毛,空気,空気,空気,空気,空気,桃色のコンクリート,桃色のコンクリート,桃色のコンクリート,桃色のコンクリート,桃色のコンクリート,空気,空気,空気,空気,空気,桃色の羊毛,桃色のコンクリート,桃色のコンクリート,桃色のコンクリート,桃色のコンクリート,桃色のコンクリート,桃色のコンクリート,桃色のコンクリート,桃色のコンクリート,桃色のコンクリート,桃色のコンクリート,桃色のコンクリート,空気,桃色のコンクリート,桃色のコンクリート,桃色のコンクリート,桃色のコンクリート,桃色のコンクリート,桃色のコンクリート,空気,空気,桃色のコンクリート,桃色のコンクリート,桃色のコンクリート,桃色のコンクリート,桃色のコンクリート,空気,桃色のコンクリート,桃色のコンクリート,桃色のコンクリート,桃色のコンクリート,桃色のコンクリート,桃色のコンクリート,桃色のコンクリート,桃色のコンクリート,空気,空気,空気,空気,空気,空気,空気,空気,空気,空気,空気,空気,空気,空気,空気,空気,空気,空気,空気,空気,空気,空気
64,空気,空気,空気,空気,空気,空気,空気,空気,空気,空気,空気,空気,空気,空気,空気,空気,空気,空気,空気,空気,空気,空気,空気,空気,空気,空気,空気,空気,空気,空気,空気,空気,空気,空気,空気,空気,空気,空気,桃色のコンクリート,桃色のコンクリート,桃色のコンクリート,桃色のコンクリート,桃色のコンクリート,桃色のコンクリート,桃色のコンクリート,桃色のコンクリート,桃色のコンクリート,桃色のコンクリート,桃色のコンクリート,空気,桃色のコンクリート,桃色のコンクリート,桃色のコンクリート,桃色のコンクリート,桃色のコンクリート,桃色の羊毛,空気,空気,空気,空気,空気,桃色のコンクリート,桃色のコンクリート,桃色のコンクリート,桃色のコンクリート,桃色のコンクリート,空気,空気,空気,空気,空気,桃色の羊毛,桃色のコンクリート,桃色のコンクリート,桃色のコンクリート,桃色のコンクリート,桃色のコンクリート,桃色のコンクリート,桃色のコンクリート,桃色のコンクリート,桃色のコンクリート,桃色のコンクリート,桃色のコンクリート,桃色の羊毛,桃色のコンクリート,桃色のコンクリート,桃色のコンクリート,桃色のコンクリート,桃色のコンクリート,桃色のコンクリート,空気,空気,桃色のコンクリート,桃色のコンクリート,桃色のコンクリート,桃色のコンクリート,桃色のコンクリート,空気,桃色のコンクリート,桃色のコンクリート,桃色のコンクリート,桃色のコンクリート,桃色のコンクリート,桃色のコンクリート,桃色のコンクリート,空気,空気,空気,空気,空気,空気,空気,空気,空気,空気,空気,空気,空気,空気,空気,空気,空気,空気,空気,空気,空気,空気,空気
65,空気,空気,空気,空気,空気,空気,空気,空気,空気,空気,空気,空気,空気,空気,空気,空気,空気,空気,空気,空気,空気,空気,空気,空気,空気,空気,空気,空気,空気,空気,空気,空気,空気,空気,空気,空気,空気,空気,空気,桃色のコンクリート,桃色のコンクリート,桃色のコンクリート,桃色のコンクリート,桃色のコンクリート,桃色のコンクリート,桃色のコンクリート,桃色のコンクリート,桃色のコンクリート,桃色のコンクリート,空気,桃色のコンクリート,桃色のコンクリート,桃色のコンクリート,桃色のコンクリート,桃色のコンクリート,空気,空気,空気,空気,空気,空気,桃色のコンクリート,桃色のコンクリート,桃色のコンクリート,桃色のコンクリート,桃色のコンクリート,空気,空気,空気,空気,空気,桃色の羊毛,桃色のコンクリート,桃色のコンクリート,桃色のコンクリート,桃色のコンクリート,桃色のコンクリート,空気,桃色のコンクリート,桃色のコンクリート,桃色のコンクリート,桃色のコンクリート,桃色のコンクリート,桃色のコンクリート,桃色のコンクリート,桃色のコンクリート,桃色のコンクリート,桃色のコンクリート,桃色のコンクリート,桃色のコンクリート,空気,空気,桃色のコンクリート,桃色のコンクリート,桃色のコンクリート,桃色のコンクリート,桃色のコンクリート,空気,桃色のコンクリート,桃色のコンクリート,桃色のコンクリート,桃色のコンクリート,桃色のコンクリート,桃色のコンクリート,空気,空気,空気,空気,空気,空気,空気,空気,空気,空気,空気,空気,空気,空気,空気,空気,空気,空気,空気,空気,空気,空気,空気,空気
66,空気,空気,空気,空気,空気,空気,空気,空気,空気,空気,空気,空気,空気,空気,空気,空気,空気,空気,空気,空気,空気,空気,空気,空気,空気,空気,空気,空気,空気,空気,空気,空気,空気,空気,空気,空気,空気,空気,空気,空気,桃色のコンクリート,桃色のコンクリート,桃色のコンクリート,桃色のコンクリート,桃色のコンクリート,桃色のコンクリート,桃色のコンクリート,桃色のコンクリート,桃色のコンクリート,空気,桃色のコンクリート,桃色のコンクリート,桃色のコンクリート,桃色のコンクリート,桃色のコンクリート,桃色のコンクリート,桃色のコンクリート,桃色のコンクリート,桃色のコンクリート,桃色のコンクリート,空気,桃色のコンクリート,桃色のコンクリート,桃色のコンクリート,桃色のコンクリート,桃色のコンクリート,桃色のコンクリート,桃色のコンクリート,桃色のコンクリート,桃色のコンクリート,桃色のコンクリート,桃色の羊毛,桃色のコンクリート,桃色のコンクリート,桃色のコンクリート,桃色のコンクリート,桃色のコンクリート,空気,空気,桃色のコンクリート,桃色のコンクリート,桃色のコンクリート,桃色のコンクリート,桃色のコンクリート,桃色のコンクリート,桃色のコンクリート,桃色のコンクリート,桃色のコンクリート,桃色のコンクリート,桃色のコンクリート,空気,空気,桃色のコンクリート,桃色のコンクリート,桃色のコンクリート,桃色のコンクリート,桃色のコンクリート,空気,桃色のコンクリート,桃色のコンクリート,桃色のコンクリート,桃色のコンクリート,桃色のコンクリート,空気,空気,空気,空気,空気,空気,空気,空気,空気,空気,空気,空気,空気,空気,空気,空気,空気,空気,空気,空気,空気,空気,空気,空気,空気
67,空気,空気,空気,空気,空気,空気,空気,空気,空気,空気,空気,空気,空気,空気,空気,空気,空気,空気,空気,空気,空気,空気,空気,空気,空気,空気,空気,空気,空気,空気,空気,空気,空気,空気,空気,空気,空気,空気,空気,空気,空気,桃色のコンクリート,桃色のコンクリート,桃色のコンクリート,桃色のコンクリート,桃色のコンクリート,桃色のコンクリート,桃色のコンクリート,桃色の羊毛,空気,桃色のコンクリート,桃色のコンクリート,桃色のコンクリート,桃色のコンクリート,桃色のコンクリート,桃色のコンクリート,桃色のコンクリート,桃色のコンクリート,桃色のコンクリート,桃色のコンクリート,空気,桃色のコンクリート,桃色のコンクリート,桃色のコンクリート,桃色のコンクリート,桃色のコンクリート,桃色のコンクリート,桃色のコンクリート,桃色のコンクリート,桃色のコンクリート,桃色のコンクリート,桃色の羊毛,桃色のコンクリート,桃色のコンクリート,桃色のコンクリート,桃色のコンクリート,桃色のコンクリート,空気,空気,桃色のコンクリート,桃色のコンクリート,桃色のコンクリート,桃色のコンクリート,桃色のコンクリート,桃色のコンクリート,桃色のコンクリート,桃色のコンクリート,桃色のコンクリート,桃色のコンクリート,桃色のコンクリート,空気,桃色のコンクリート,桃色のコンクリート,桃色のコンクリート,桃色のコンクリート,桃色のコンクリート,桃色のコンクリート,空気,桃色のコンクリート,桃色のコンクリート,桃色のコンクリート,桃色のコンクリート,空気,空気,空気,空気,空気,空気,空気,空気,空気,空気,空気,空気,空気,空気,空気,空気,空気,空気,空気,空気,空気,空気,空気,空気,空気,空気
68,空気,空気,空気,空気,空気,空気,空気,空気,空気,空気,空気,空気,空気,空気,空気,空気,空気,空気,空気,空気,空気,空気,空気,空気,空気,空気,空気,空気,空気,空気,空気,空気,空気,空気,空気,空気,空気,空気,空気,空気,空気,桃色の羊毛,桃色のコンクリート,桃色のコンクリート,桃色のコンクリート,桃色のコンクリート,桃色のコンクリート,桃色のコンクリート,空気,空気,桃色のコンクリート,桃色のコンクリート,桃色のコンクリート,桃色のコンクリート,桃色のコンクリート,桃色のコンクリート,桃色のコンクリート,桃色のコンクリート,桃色のコンクリート,桃色のコンクリート,空気,桃色のコンクリート,桃色のコンクリート,桃色のコンクリート,桃色のコンクリート,桃色のコンクリート,桃色のコンクリート,桃色のコンクリート,桃色のコンクリート,桃色のコンクリート,桃色のコンクリート,桃色の羊毛,桃色のコンクリート,桃色のコンクリート,桃色のコンクリート,桃色のコンクリート,桃色のコンクリート,空気,桃色の羊毛,桃色のコンクリート,桃色のコンクリート,桃色のコンクリート,桃色のコンクリート,桃色のコンクリート,桃色のコンクリート,桃色のコンクリート,桃色のコンクリート,桃色のコンクリート,桃色のコンクリート,桃色のコンクリート,空気,桃色のコンクリート,桃色のコンクリート,桃色のコンクリート,桃色のコンクリート,桃色のコンクリート,桃色のコンクリート,空気,空気,空気,空気,空気,空気,空気,空気,空気,空気,空気,空気,空気,空気,空気,空気,空気,空気,空気,空気,空気,空気,空気,空気,空気,空気,空気,空気,空気,空気,空気
69,空気,空気,空気,空気,空気,空気,空気,空気,空気,空気,空気,空気,空気,空気,空気,空気,空気,空気,空気,空気,空気,空気,空気,空気,空気,空気,空気,空気,空気,空気,空気,空気,空気,空気,空気,空気,空気,空気,空気,空気,空気,空気,桃色の羊毛,桃色のコンクリート,桃色のコンクリート,桃色のコンクリート,桃色のコンクリート,桃色のコンクリート,空気,空気,桃色のコンクリート,桃色のコンクリート,桃色のコンクリート,桃色のコンクリート,桃色のコンクリート,桃色のコンクリート,桃色のコンクリート,桃色のコンクリート,桃色のコンクリート,桃色のコンクリート,空気,桃色のコンクリート,桃色のコンクリート,桃色のコンクリート,桃色のコンクリート,桃色のコンクリート,桃色のコンクリート,桃色のコンクリート,桃色のコンクリート,桃色のコンクリート,桃色のコンクリート,桃色の羊毛,桃色のコンクリート,桃色のコンクリート,桃色のコンクリート,桃色のコンクリート,桃色のコンクリート,空気,桃色のコンクリート,桃色のコンクリート,桃色のコンクリート,桃色のコンクリート,桃色のコンクリート,桃色のコンクリート,桃色のコンクリート,桃色のコンクリート,桃色のコンクリート,桃色のコンクリート,桃色のコンクリート,桃色のコンクリート,桃色のコンクリート,桃色のコンクリート,桃色のコンクリート,桃色のコンクリート,桃色のコンクリート,桃色のコンクリート,桃色のコンクリート,空気,空気,空気,空気,空気,空気,空気,空気,空気,空気,空気,空気,空気,空気,空気,空気,空気,空気,空気,空気,空気,空気,空気,空気,空気,空気,空気,空気,空気,空気,空気
70,空気,空気,空気,空気,空気,空気,空気,空気,空気,空気,空気,空気,空気,空気,空気,空気,空気,空気,空気,空気,空気,空気,空気,空気,空気,空気,空気,空気,空気,空気,空気,空気,空気,空気,空気,空気,空気,空気,空気,空気,空気,空気,空気,桃色の羊毛,桃色のコンクリート,桃色のコンクリート,桃色のコンクリート,空気,空気,空気,桃色のコンクリート,桃色のコンクリート,桃色のコンクリート,桃色のコンクリート,桃色のコンクリート,桃色のコンクリート,桃色のコンクリート,桃色のコンクリート,桃色のコンクリート,桃色のコンクリート,空気,桃色のコンクリート,桃色のコンクリート,桃色のコンクリート,桃色のコンクリート,桃色のコンクリート,桃色のコンクリート,桃色のコンクリート,桃色のコンクリート,桃色のコンクリート,桃色のコンクリート,桃色の羊毛,桃色のコンクリート,桃色のコンクリート,桃色のコンクリート,桃色のコンクリート,桃色のコンクリート,桃色のコンクリート,桃色のコンクリート,桃色のコンクリート,桃色のコンクリート,桃色のコンクリート,桃色のコンクリート,桃色のコンクリート,桃色の羊毛,桃色のコンクリート,桃色のコンクリート,桃色のコンクリート,桃色のコンクリート,桃色のコンクリート,桃色のコンクリート,桃色のコンクリート,桃色のコンクリート,桃色のコンクリート,桃色のコンクリート,桃色のコンクリート,桃色のコンクリート,空気,空気,空気,空気,空気,空気,空気,空気,空気,空気,空気,空気,空気,空気,空気,空気,空気,空気,空気,空気,空気,空気,空気,空気,空気,空気,空気,空気,空気,空気,空気
71,空気,空気,空気,空気,空気,空気,空気,空気,空気,空気,空気,空気,空気,空気,空気,空気,空気,空気,空気,空気,空気,空気,空気,空気,空気,空気,空気,空気,空気,空気,空気,空気,空気,空気,空気,空気,空気,空気,空気,空気,空気,空気,空気,空気,空気,桃色のコンクリート,桃色のコンクリート,空気,空気,空気,桃色のコンクリート,桃色のコンクリート,桃色のコンクリート,桃色のコンクリート,桃色のコンクリート,桃色のコンクリート,桃色のコンクリート,桃色のコンクリート,桃色のコンクリート,桃色のコンクリート,空気,桃色のコンクリート,桃色のコンクリート,桃色のコンクリート,桃色のコンクリート,桃色のコンクリート,桃色のコンクリート,桃色のコンクリート,桃色のコンクリート,桃色のコンクリート,桃色のコンクリート,桃色の羊毛,桃色のコンクリート,桃色のコンクリート,桃色のコンクリート,桃色のコンクリート,桃色のコンクリート,桃色のコンクリート,桃色のコンクリート,桃色のコンクリート,桃色のコンクリート,桃色のコンクリート,桃色のコンクリート,桃色のコンクリート,空気,桃色のコンクリート,桃色のコンクリート,桃色のコンクリート,桃色のコンクリート,桃色のコンクリート,桃色のコンクリート,桃色のコンクリート,桃色のコンクリート,桃色のコンクリート,桃色のコンクリート,桃色のコンクリート,桃色のコンクリート,空気,空気,空気,空気,空気,空気,空気,空気,空気,空気,空気,空気,空気,空気,空気,空気,空気,空気,空気,空気,空気,空気,空気,空気,空気,空気,空気,空気,空気,空気,空気
72,空気,空気,空気,空気,空気,空気,空気,空気,空気,空気,空気,空気,空気,空気,空気,空気,空気,空気,空気,空気,空気,空気,空気,空気,空気,空気,空気,空気,空気,空気,空気,空気,空気,空気,空気,空気,空気,空気,空気,空気,空気,空気,空気,空気,空気,空気,空気,空気,空気,空気,桃色のコンクリート,桃色のコンクリート,桃色のコンクリート,桃色のコンクリート,桃色のコンクリート,桃色のコンクリート,桃色のコンクリート,桃色のコンクリート,桃色のコンクリート,桃色のコンクリート,空気,桃色のコンクリート,桃色のコンクリート,桃色のコンクリート,桃色のコンクリート,桃色のコンクリート,桃色のコンクリート,桃色のコンクリート,桃色のコンクリート,桃色のコンクリート,桃色のコンクリート,桃色の羊毛,桃色のコンクリート,桃色のコンクリート,桃色のコンクリート,桃色のコンクリート,桃色のコンクリート,桃色のコンクリート,桃色のコンクリート,桃色のコンクリート,桃色のコンクリート,桃色のコンクリート,桃色のコンクリート,桃色のコンクリート,空気,桃色のコンクリート,桃色のコンクリート,桃色のコンクリート,桃色のコンクリート,桃色のコンクリート,桃色のコンクリート,桃色のコンクリート,桃色のコンクリート,桃色のコンクリート,桃色のコンクリート,桃色のコンクリート,空気,空気,空気,空気,空気,空気,空気,空気,空気,空気,空気,空気,空気,空気,空気,空気,空気,空気,空気,空気,空気,空気,空気,空気,空気,空気,空気,空気,空気,空気,空気,空気
73,空気,空気,空気,空気,空気,空気,空気,空気,空気,空気,空気,空気,空気,空気,空気,空気,空気,空気,空気,空気,空気,空気,空気,空気,空気,空気,空気,空気,空気,空気,空気,空気,空気,空気,空気,空気,空気,空気,空気,空気,空気,空気,空気,空気,空気,空気,空気,空気,空気,空気,桃色のコンクリート,桃色のコンクリート,桃色のコンクリート,桃色のコンクリート,桃色のコンクリート,桃色のコンクリート,桃色のコンクリート,桃色のコンクリート,桃色のコンクリート,桃色のコンクリート,空気,桃色の羊毛,空気,空気,空気,空気,桃色のコンクリート,桃色のコンクリート,桃色のコンクリート,桃色のコンクリート,桃色のコンクリート,桃色の羊毛,桃色のコンクリート,桃色のコンクリート,桃色のコンクリート,桃色のコンクリート,桃色のコンクリート,桃色のコンクリート,桃色のコンクリート,桃色のコンクリート,桃色のコンクリート,桃色のコンクリート,桃色のコンクリート,桃色のコンクリート,空気,桃色のコンクリート,桃色のコンクリート,桃色のコンクリート,桃色のコンクリート,桃色のコンクリート,桃色のコンクリート,桃色のコンクリート,桃色のコンクリート,桃色のコンクリート,桃色のコンクリート,空気,空気,空気,空気,空気,空気,空気,空気,空気,空気,空気,空気,空気,空気,空気,空気,空気,空気,空気,空気,空気,空気,空気,空気,空気,空気,空気,空気,空気,空気,空気,空気,空気
74,空気,空気,空気,空気,空気,空気,空気,空気,空気,空気,空気,空気,空気,空気,空気,空気,空気,空気,空気,空気,空気,空気,空気,空気,空気,空気,空気,空気,空気,空気,空気,空気,空気,空気,空気,空気,空気,空気,空気,空気,空気,空気,空気,空気,空気,空気,空気,空気,空気,空気,桃色のコンクリート,桃色のコンクリート,桃色のコンクリート,桃色のコンクリート,桃色のコンクリート,桃色のコンクリート,空気,空気,空気,空気,空気,空気,空気,桃色の羊毛,桃色のコンクリート,桃色のコンクリート,桃色のコンクリート,桃色のコンクリート,桃色のコンクリート,桃色のコンクリート,桃色のコンクリート,桃色の羊毛,桃色のコンクリート,桃色のコンクリート,桃色のコンクリート,桃色のコンクリート,桃色のコンクリート,桃色のコンクリート,桃色のコンクリート,桃色のコンクリート,桃色のコンクリート,桃色のコンクリート,桃色のコンクリート,空気,空気,桃色のコンクリート,桃色のコンクリート,桃色のコンクリート,桃色のコンクリート,桃色のコンクリート,桃色のコンクリート,桃色のコンクリート,桃色のコンクリート,桃色の羊毛,空気,空気,空気,空気,空気,空気,空気,空気,空気,空気,空気,空気,空気,空気,空気,空気,空気,空気,空気,空気,空気,空気,空気,空気,空気,空気,空気,空気,空気,空気,空気,空気,空気,空気
75,空気,空気,空気,空気,空気,空気,空気,空気,空気,空気,空気,空気,空気,空気,空気,空気,空気,空気,空気,空気,空気,空気,空気,空気,空気,空気,空気,空気,空気,空気,空気,空気,空気,空気,空気,空気,空気,空気,空気,空気,空気,空気,空気,空気,空気,空気,空気,空気,空気,空気,空気,桃色の羊毛,桃色のコンクリート,桃色のコンクリート,桃色のコンクリート,桃色のコンクリート,桃色のコンクリート,空気,空気,空気,空気,空気,桃色のコンクリート,桃色のコンクリート,桃色のコンクリート,桃色のコンクリート,桃色のコンクリート,桃色のコンクリート,桃色のコンクリート,桃色のコンクリート,桃色のコンクリート,桃色の羊毛,桃色のコンクリート,桃色のコンクリート,桃色のコンクリート,桃色のコンクリート,桃色のコンクリート,桃色のコンクリート,桃色のコンクリート,桃色のコンクリート,桃色のコンクリート,桃色のコンクリート,桃色のコンクリート,空気,空気,桃色のコンクリート,桃色のコンクリート,桃色のコンクリート,桃色のコンクリート,桃色のコンクリート,桃色のコンクリート,桃色のコンクリート,空気,空気,空気,空気,空気,空気,空気,空気,空気,空気,空気,空気,空気,空気,空気,空気,空気,空気,空気,空気,空気,空気,空気,空気,空気,空気,空気,空気,空気,空気,空気,空気,空気,空気,空気,空気
76,空気,空気,空気,空気,空気,空気,空気,空気,空気,空気,空気,空気,空気,空気,空気,空気,空気,空気,空気,空気,空気,空気,空気,空気,空気,空気,空気,空気,空気,空気,空気,空気,空気,空気,空気,空気,空気,空気,空気,空気,空気,空気,空気,空気,空気,空気,空気,空気,空気,空気,空気,空気,空気,空気,空気,空気,空気,空気,空気,空気,空気,空気,空気,桃色のコンクリート,桃色のコンクリート,桃色のコンクリート,桃色のコンクリート,桃色のコンクリート,桃色のコンクリート,桃色のコンクリート,桃色のコンクリート,桃色の羊毛,桃色のコンクリート,桃色のコンクリート,桃色のコンクリート,桃色のコンクリート,桃色のコンクリート,桃色のコンクリート,桃色のコンクリート,桃色のコンクリート,桃色のコンクリート,桃色のコンクリート,桃色のコンクリート,空気,空気,空気,桃色のコンクリート,桃色のコンクリート,桃色のコンクリート,桃色のコンクリート,空気,空気,空気,空気,空気,空気,空気,空気,空気,空気,空気,空気,空気,空気,空気,空気,空気,空気,空気,空気,空気,空気,空気,空気,空気,空気,空気,空気,空気,空気,空気,空気,空気,空気,空気,空気,空気,空気
77,空気,空気,空気,空気,空気,空気,空気,空気,空気,空気,空気,空気,空気,空気,空気,空気,空気,空気,空気,空気,空気,空気,空気,空気,空気,空気,空気,空気,空気,空気,空気,空気,空気,空気,空気,空気,空気,空気,空気,空気,空気,空気,空気,空気,空気,空気,空気,空気,空気,空気,空気,空気,空気,空気,空気,空気,空気,空気,空気,空気,空気,空気,空気,空気,桃色のコンクリート,桃色のコンクリート,桃色のコンクリート,桃色のコンクリート,桃色のコンクリート,桃色のコンクリート,桃色のコンクリート,桃色の羊毛,桃色のコンクリート,桃色のコンクリート,桃色のコンクリート,桃色のコンクリート,桃色のコンクリート,桃色のコンクリート,桃色のコンクリート,桃色のコンクリート,桃色のコンクリート,桃色のコンクリート,桃色のコンクリート,空気,空気,空気,桃色のコンクリート,桃色のコンクリート,空気,空気,空気,空気,空気,空気,空気,空気,空気,空気,空気,空気,空気,空気,空気,空気,空気,空気,空気,空気,空気,空気,空気,空気,空気,空気,空気,空気,空気,空気,空気,空気,空気,空気,空気,空気,空気,空気,空気,空気
78,空気,空気,空気,空気,空気,空気,空気,空気,空気,空気,空気,空気,空気,空気,空気,空気,空気,空気,空気,空気,空気,空気,空気,空気,空気,空気,空気,空気,空気,空気,空気,空気,空気,空気,空気,空気,空気,空気,空気,空気,空気,空気,空気,空気,空気,空気,空気,空気,空気,空気,空気,空気,空気,空気,空気,空気,空気,空気,空気,空気,空気,空気,空気,空気,空気,空気,桃色のコンクリート,桃色のコンクリート,桃色のコンクリート,桃色のコンクリート,桃色のコンクリート,桃色の羊毛,桃色のコンクリート,桃色のコンクリート,桃色のコンクリート,桃色のコンクリート,桃色のコンクリート,桃色のコンクリート,桃色のコンクリート,桃色のコンクリート,桃色のコンクリート,桃色のコンクリート,桃色の羊毛,空気,空気,空気,空気,空気,空気,空気,空気,空気,空気,空気,空気,空気,空気,空気,空気,空気,空気,空気,空気,空気,空気,空気,空気,空気,空気,空気,空気,空気,空気,空気,空気,空気,空気,空気,空気,空気,空気,空気,空気,空気,空気,空気,空気,空気
79,空気,空気,空気,空気,空気,空気,空気,空気,空気,空気,空気,空気,空気,空気,空気,空気,空気,空気,空気,空気,空気,空気,空気,空気,空気,空気,空気,空気,空気,空気,空気,空気,空気,空気,空気,空気,空気,空気,空気,空気,空気,空気,空気,空気,空気,空気,空気,空気,空気,空気,空気,空気,空気,空気,空気,空気,空気,空気,空気,空気,空気,空気,空気,空気,空気,空気,空気,桃色のコンクリート,桃色のコンクリート,桃色のコンクリート,桃色のコンクリート,桃色の羊毛,桃色のコンクリート,桃色のコンクリート,桃色のコンクリート,桃色のコンクリート,桃色のコンクリート,桃色のコンクリート,桃色のコンクリート,桃色のコンクリート,桃色のコンクリート,桃色のコンクリート,空気,空気,空気,空気,空気,空気,空気,空気,空気,空気,空気,空気,空気,空気,空気,空気,空気,空気,空気,空気,空気,空気,空気,空気,空気,空気,空気,空気,空気,空気,空気,空気,空気,空気,空気,空気,空気,空気,空気,空気,空気,空気,空気,空気,空気,空気
80,空気,空気,空気,空気,空気,空気,空気,空気,空気,空気,空気,空気,空気,空気,空気,空気,空気,空気,空気,空気,空気,空気,空気,空気,空気,空気,空気,空気,空気,空気,空気,空気,空気,空気,空気,空気,空気,空気,空気,空気,空気,空気,空気,空気,空気,空気,空気,空気,空気,空気,空気,空気,空気,空気,空気,空気,空気,空気,空気,空気,空気,空気,空気,空気,空気,空気,空気,空気,空気,桃色のコンクリート,桃色のコンクリート,桃色の羊毛,桃色のコンクリート,桃色のコンクリート,桃色のコンクリート,桃色のコンクリート,桃色のコンクリート,桃色のコンクリート,桃色のコンクリート,桃色のコンクリート,桃色の羊毛,空気,空気,空気,空気,空気,空気,空気,空気,空気,空気,空気,空気,空気,空気,空気,空気,空気,空気,空気,空気,空気,空気,空気,空気,空気,空気,空気,空気,空気,空気,空気,空気,空気,空気,空気,空気,空気,空気,空気,空気,空気,空気,空気,空気,空気,空気,空気

 ,使用ブロック
 ,空気,5466
 ,桃色のコンクリート,4384
 ,桃色の羊毛,383
 ,白色のテラコッタ,7
